0,484.3991,448.8873,1826.669,-31.67353783,-29.59088299,169.0412505
0.1,492.1057,443.1866,1821.027,-28.86549951,-26.9840633,164.9394865
0.2,502.171,421.3216,1805.067,-22.84345825,-22.00036545,161.2188791
0.3,521.3851,394.4854,1777.94,-17.54475067,-17.54954292,160.7772538
0.4,552.0671,372.2038,1742.809,-14.49219214,-16.11690354,160.4651864
0.5,585.4449,354.1223,1709.254,-10.1495593,-12.8746882,158.1354151
0.6,619.777,345.0562,1679.435,-7.57806277,-9.420495533,158.0965055
0.7,647.8071,342.846,1646.753,-7.074604663,-8.093574488,156.8848592
0.8,672.5236,343.647,1610.484,-8.506410669,-8.718523982,157.1414304
0.9,692.2809,346.0646,1575.217,-10.67739423,-9.217621473,159.0741332
1,713.9199,348.3132,1545.101,-13.78698223,-10.65361127,163.9829721
1.1,739.4244,347.9455,1521.322,-15.3759892,-10.32791129,168.8615405
1.2,766.8851,342.2702,1502.408,-15.59627599,-10.05201222,172.1598692
1.3,794.8152,330.1826,1487.257,-14.69225284,-9.860482723,175.0312629
1.4,818.22,316.7581,1475.302,-14.08764585,-10.28735856,177.5253053
1.5,833.7778,303.3955,1467.609,-12.87218882,-10.46321627,179.1467565
1.6,838.8797,291.8582,1469.881,-10.94148203,-10.20389207,-178.7354594
1.7,832.3466,286.8726,1486.942,-9.711816682,-10.16788366,-176.0705795
1.8,810.6544,289.6302,1519.392,-10.00530446,-12.37281006,-174.8679725
1.9,772.4921,300.4716,1559.043,-11.79023735,-17.12819554,-178.6079524
2,727.332,314.3361,1602.899,-12.12976391,-22.00304003,176.0959631
2.1,689.0469,327.963,1647.601,-12.21587397,-24.85336236,173.8682711
2.2,657.0844,338.3684,1688.57,-12.14357419,-26.52980106,172.6940879
2.3,635.7715,341.0744,1723.228,-13.34783377,-28.12483876,174.4800568
2.4,621.8802,332.9505,1754.477,-13.85903918,-29.28535944,176.8875177
2.5,609.3801,319.1197,1778.789,-12.81241252,-29.47220872,177.2492528
2.6,595.8434,307.5927,1789.648,-12.20109048,-30.89802477,175.2819021
2.7,586.3565,296.347,1789.873,-10.97496237,-31.3475472,173.1862357
2.8,582.5785,288.3766,1783.264,-9.670799703,-31.00260071,169.9170165
2.9,586.6703,286.1719,1771.551,-9.585218172,-29.67107077,167.5321616
3,600.3834,289.1285,1758.406,-11.08986919,-27.77406093,167.5171588
3.1,616.7377,294.8285,1745.454,-12.29227465,-24.91835987,168.3058248
3.2,633.7784,298.4193,1742.452,-12.07756042,-21.53641315,170.2024273
3.3,650.2886,307.609,1752.127,-12.52149177,-16.41427913,174.1354183
3.4,669.3196,326.2983,1760.169,-18.78275029,-15.27872511,-174.789345
3.5,677.3709,347.1276,1765.42,-23.63789519,-14.29871983,-169.8839444
3.6,673.5771,360.101,1767.844,-25.73055961,-13.4888792,-164.6769631
3.7,652.1547,365.0635,1781.049,-25.50497113,-14.33434071,-165.6041476
3.8,622.6089,370.6302,1818.843,-24.45980183,-16.34709249,-171.3714703
3.9,602.6494,382.4691,1861.063,-28.25617038,-17.56197634,-170.5424731
4,587.5497,398.7231,1902.558,-32.6385126,-18.27501603,-169.191533
4.1,575.6864,413.2993,1937.132,-36.17676701,-19.55921244,-166.8748207
4.2,565.4595,422.2704,1959.756,-37.98087784,-20.22443349,-165.5627988
4.3,559.4309,422.3845,1976.039,-37.33553615,-19.76976022,-165.7365327
4.4,562.6113,416.7477,1985.584,-37.0351831,-18.71844485,-165.1801238
4.5,574.5989,410.9712,1987.603,-38.64565834,-17.80033733,-163.640552
4.6,584.0938,407.0485,1986.603,-40.50609479,-17.81905841,-162.5443978
4.7,580.6033,404.8548,1986.806,-41.33065158,-18.5964783,-162.4307778
4.8,563.9099,405.1379,1985.546,-42.19882114,-20.434487,-162.3206408
4.9,539.929,408.996,1982.718,-43.70295298,-23.33288886,-161.6869878
5,511.5823,413.5393,1980.749,-44.06683957,-26.22582852,-161.8806434
5.1,482.3471,415.3095,1976.331,-43.59923002,-28.83689074,-162.3145898
5.2,451.4941,415.7468,1969.94,-42.08896854,-32.17163626,-163.9096429
5.3,422.4625,412.9667,1964.729,-37.6912358,-34.4597114,-166.9680303
5.4,401.4471,410.6623,1953.476,-32.73843185,-37.04608502,-173.5748235
5.5,406.5263,416.0766,1949.597,-33.0377647,-36.8785173,-174.6234404
5.6,440.9635,425.5771,1956.237,-36.34684072,-32.34466891,-170.6052023
5.7,490.9797,435.2856,1955.854,-38.4941302,-26.35592036,-169.0205842
5.8,539.4046,444.9557,1946.772,-41.27008955,-21.50932077,-167.4363206
5.9,570.5394,455.0323,1936.103,-44.97065845,-19.46605396,-165.6228657
6,570.6924,460.3555,1930.04,-45.41820037,-19.55014038,-166.1720409
6.1,547.3393,462.9551,1924.053,-45.40245222,-21.72147765,-166.8335229
6.2,513.8691,466.653,1917.775,-46.96105525,-25.84812426,-165.9406656
6.3,479.0995,467.7645,1914.683,-45.82108383,-28.9132349,-167.0638778
6.4,451.5256,464.5348,1908.621,-42.76089675,-30.97154259,-169.5941094
6.5,439.3554,460.1383,1898.589,-39.06389154,-32.6817002,-173.1544354
6.6,446.9113,453.8239,1888.524,-35.23268017,-31.45577502,-176.0372648
6.7,477.5241,449.6237,1874.813,-33.34105393,-28.44702066,-177.2641602
6.8,522.0359,450.263,1861.275,-33.29044915,-24.01902533,-177.074961
6.9,564.4264,454.1836,1844.345,-34.01499671,-20.24952019,-176.3502358
7,587.0555,460.3163,1826.69,-35.74920775,-19.29093435,-175.0141272
7.1,580.2499,465.4454,1811.382,-36.46350224,-21.23236235,-175.0472025
7.2,546.6275,467.4082,1792.641,-35.52731665,-25.56373984,-176.4510776
7.3,501.3458,468.0746,1770.856,-33.24351631,-30.50599724,-178.3916839
7.4,456.8487,466.3857,1745.163,-29.49141289,-33.80063448,178.8949046
7.5,438.3225,466.9262,1724.251,-27.73682125,-35.45971847,176.6694961
7.6,453.7774,469.9768,1715.896,-29.75863072,-34.88374776,179.8332217
7.7,490.7202,471.8236,1715.716,-30.14374923,-31.23992605,-179.3688375
7.8,548.6771,473.4291,1724.292,-33.04474688,-25.80707176,-176.9175053
7.9,620.6517,478.9408,1739.793,-38.37477989,-19.65112122,-173.4540206
8,693.7346,487.2543,1754.127,-41.85221305,-13.71501799,-173.0205748
8.1,761.2641,492.7293,1766.415,-42.31080841,-6.421969887,-173.4937478
8.2,817.1069,496.817,1774.801,-42.56879592,-0.472829018,-176.485128
8.3,849.7197,500.7731,1785.374,-44.62662879,1.29821979,-176.194323
8.4,849.0887,499.3197,1805.715,-44.53548711,0.211070364,-176.4288532
8.5,821.4246,492.2792,1828.525,-43.53405728,-4.028947026,-176.471189
8.6,777.7121,481.117,1850.298,-43.01859585,-10.51200925,-176.1274352
8.7,730.9018,465.5454,1869.194,-41.33351088,-16.53706586,-176.0626066
8.8,697.1462,447.4231,1881.685,-39.69379292,-21.81618501,-175.0377614
8.9,691.7529,433.4702,1891.355,-39.50297313,-24.15461402,-173.4271668
9,722.709,425.5246,1898.282,-40.35517946,-22.91562019,-170.4044165
9.1,779.8713,424.627,1902.082,-42.2159562,-19.19267344,-168.0496681
9.2,848.9473,429.2183,1900.931,-44.55444065,-13.9443746,-165.9620499
9.3,913.8187,433.9151,1894.221,-45.91129571,-8.781723203,-165.5382004
9.4,958.2554,433.4296,1886.58,-44.90633279,-5.460247419,-166.2014885
9.5,975.6284,431.2131,1877.379,-45.28743269,-5.445697691,-165.8941839
9.6,963.5332,429.9568,1871.444,-47.16736837,-10.46216822,-164.7737538
9.7,927.7181,427.6868,1871.641,-46.91932857,-16.90093349,-164.8632391
9.8,893.6625,426.8408,1870.664,-45.34225923,-21.25132594,-166.1104644
9.9,897.8328,430.2227,1866.452,-47.11585122,-21.92960809,-163.550581
10,933.6534,431.9415,1858.454,-47.60352518,-19.05000137,-161.528548
10.1,987.8505,431.0993,1847.392,-45.91727275,-12.84813787,-161.58405
10.2,1049.157,435.1257,1832.29,-46.29004043,-5.644657148,-161.0179733
10.3,1104.626,443.2536,1818.412,-47.20810995,0.601876637,-159.9438521
10.4,1144.848,452.1437,1805.758,-47.15762251,5.898513686,-158.5047628
10.5,1172.201,460.6886,1790.71,-46.6005265,9.089192087,-160.8341445
10.6,1180.611,467.3532,1774.803,-46.41154344,9.590658889,-160.3977475
10.7,1164.423,467.9234,1760.536,-44.28566758,6.760882931,-160.1982934
10.8,1122.772,468.0655,1745.212,-42.55700268,1.249745425,-159.9677255
10.9,1062.971,474.2997,1735.796,-42.18318863,-6.752673605,-159.5848521
11,988.6483,480.9427,1726.891,-39.95631431,-14.75713272,-162.978151
11.1,910.2661,485.338,1715.486,-37.41599835,-22.60859083,-165.940375
11.2,835.2727,486.8172,1701.01,-33.42206367,-29.57825183,-170.808894
11.3,789.4227,484.2792,1685.286,-29.01735228,-31.71776278,-175.8328939
11.4,792.1721,478.2487,1672.902,-27.42962234,-29.16130697,-175.839564
11.5,832.2151,475.7288,1662.374,-27.10970108,-22.69640916,-175.0532719
11.6,890.7822,482.3383,1654.399,-28.08339644,-13.30849762,-173.2588007
11.7,939.077,496.6593,1645.743,-30.30584629,-5.976531136,-172.8452876
11.8,952.5245,508.1176,1641.495,-32.7377342,-3.142925271,-172.3332867
11.9,926.5452,509.5832,1644.732,-33.01395683,-3.739723772,-174.3797503
12,872.6507,509.1353,1654.713,-34.04313627,-8.149679023,-176.3886435
12.1,804.7446,512.6669,1663.88,-35.19792691,-13.9170549,-178.5779009
12.2,731.7896,518.5471,1664.951,-35.27205912,-19.32092063,179.4492247
12.3,661.5117,524.5674,1655.203,-34.72919868,-24.92043873,178.0908704
12.4,600.0528,528.0919,1637.065,-32.73623204,-29.32541697,175.6716122
12.5,551.265,527.3686,1611.747,-29.43344168,-32.48944279,172.9528615
12.6,519.8693,524.8839,1583.537,-26.83657381,-34.58625333,170.5802399
12.7,514.8392,519.7507,1558.235,-24.92784343,-33.67064336,170.5728499
12.8,543.282,513.9191,1540.079,-24.43340013,-28.29206423,173.6065545
12.9,598.326,515.7079,1524.784,-25.4484478,-21.39519653,175.0851037
13,659.1686,527.6404,1508.277,-28.08023588,-13.64067613,177.9643063
13.1,704.0772,543.5734,1488.761,-29.33505848,-7.596719953,-179.7913784
13.2,718.2091,552.0766,1465.501,-29.15931269,-4.776369944,-178.8995204
13.3,697.3932,550.892,1442.788,-29.43184586,-7.372624197,-178.1608246
13.4,648.4833,547.0521,1425.104,-30.35204503,-13.5383317,-178.4257471
13.5,582.0242,541.5477,1405.983,-28.86733493,-20.1841539,179.2146458
13.6,516.4754,538.7134,1381.632,-28.14561956,-27.63284663,177.4250902
13.7,466.6031,538.7496,1357.88,-26.88748304,-32.79158862,175.1243653
13.8,451.6437,536.8564,1339.79,-26.13026177,-33.77134149,173.4919814
13.9,474.9083,534.4073,1330.62,-29.07849554,-33.0862058,176.210476
14,518.4824,532.2935,1334.204,-31.01408462,-29.13302656,177.5621439
14.1,569.0922,529.0417,1332.534,-30.24723556,-23.46527478,175.6668171
14.2,616.0327,523.3578,1314.1,-27.56178083,-16.91841372,174.1000924
14.3,650.3299,520.132,1290.143,-25.56039664,-12.17313866,174.3313143
14.4,655.8606,518.4384,1267.878,-25.17423726,-12.67384328,174.4658938
14.5,628.8198,517.6022,1255.119,-24.89540512,-16.60654345,173.8422211
14.6,578.6135,516.8276,1246.464,-23.61673085,-22.17711559,170.5352438
14.7,518.2122,517.4443,1233.274,-22.00193178,-28.86029335,166.593225
14.8,467.7204,518.8987,1214.943,-19.85330987,-33.91182434,163.6363001
14.9,446.4928,518.9238,1195.606,-18.10506306,-35.21995532,162.5222393
15,464.4435,514.9939,1180.955,-18.2789927,-33.01123055,164.7489403
15.1,515.6453,510.3261,1172.678,-20.14683116,-28.11131496,169.8515174
15.2,582.3942,506.2692,1160.848,-21.14733971,-21.32191252,174.7696515
15.3,635.8347,506.6453,1143.684,-21.05009303,-15.54855448,177.6063817
15.4,654.044,509.6436,1126.854,-20.96547021,-13.70344548,179.7190701
15.5,635.3922,510.5069,1115.348,-20.81174404,-15.99241193,179.1833805
15.6,586.0142,507.7397,1107.376,-19.62628973,-21.52395758,176.5850588
15.7,521.951,506.6597,1098.55,-17.73350992,-28.58806169,172.1539443
15.8,464.5748,509.8784,1087.675,-15.1043941,-34.38375394,166.7836043
15.9,433.4208,514.6241,1077.436,-12.89461594,-37.23176994,162.5463099
16,439.8008,511.5328,1067.817,-11.02279213,-35.1001833,161.6620983
16.1,484.5447,500.4194,1059.664,-9.547949627,-29.27338722,162.28839
16.2,550.6653,491.275,1053.899,-8.623899842,-21.41234206,164.9284014
16.3,619.093,493.2809,1051.458,-9.330367026,-14.70557979,167.6828973
16.4,660.538,502.6006,1055.522,-10.67949653,-11.96840793,168.6647777
16.5,659.9865,508.4702,1063.569,-11.59975176,-13.63216757,166.8741638
16.6,620.4314,505.5468,1063.614,-9.042822363,-19.37605318,163.0870398
16.7,556.3715,501.4613,1058.233,-4.720300333,-26.84294349,157.8560293
16.8,485.4258,501.2023,1053.289,-0.414346177,-33.79034272,151.427167
16.9,434.5064,500.7531,1048.103,4.085611189,-37.53686506,146.4986204
17,416.1475,494.5524,1046.699,7.059864541,-37.68464293,144.4749041
17.1,430.5656,482.9268,1049.237,8.027876989,-36.79874714,145.4073395
17.2,466.8282,470.596,1057.203,7.414437161,-34.86188476,148.8259451
17.3,518.4806,460.5941,1065.849,6.255381385,-31.97519724,152.9948913
17.4,576.3512,455.2774,1074.126,4.895779441,-29.50637346,156.0591119
17.5,640.6163,452.2767,1075.007,4.72086865,-25.38936308,157.9219253
17.6,709.0239,452.5292,1069.326,5.336464548,-19.84488956,158.9601125
17.7,782.8397,458.4576,1062.819,5.059507279,-12.48750114,160.4981858
17.8,858.2055,470.225,1059.896,4.983527556,-4.856747031,163.2094341
17.9,915.149,481.4306,1057.058,4.39841831,-0.720594573,167.3923726
18,931.1159,487.4223,1059.765,1.488436786,-3.48416615,170.3557319
18.1,902.8203,486.124,1057.544,0.973176306,-11.74014652,168.0364084
18.2,852.7413,484.1281,1051.092,2.962187446,-20.84090185,165.452123
18.3,812.0565,484.0688,1043.148,5.447541764,-27.66929659,162.5754046
18.4,807.42,481.325,1036.099,7.12186807,-28.66930472,161.8402
18.5,841.8942,473.4642,1031.26,7.970548942,-26.31178519,163.3827007
18.6,907.8223,462.604,1029.915,6.521888212,-22.67145572,167.0861457
18.7,989.5901,451.9987,1030.247,5.710227416,-17.59103794,171.7392757
18.8,1073.872,445.0114,1026.291,5.850466542,-12.01101308,174.3442303
18.9,1151.339,443.4635,1021.481,6.971682869,-6.102271443,176.3587278
19,1222.44,446.7137,1018.426,8.655415192,-0.009565124,177.4531324
19.1,1271.225,452.433,1018.955,8.809903504,2.881626411,178.3002001
19.2,1282.54,452.4286,1023.228,7.561966565,0.502353876,177.7177079
19.3,1252.621,446.1882,1033.11,7.368758503,-4.841941475,173.783596
19.4,1193.44,442.0294,1041.518,6.981356114,-13.53951682,168.7890649
19.5,1125.146,446.5343,1045.284,7.349071215,-23.20369313,163.482826
19.6,1070.768,455.5672,1045.76,8.478838973,-30.08540587,159.9608956
19.7,1050.609,459.5864,1042.434,10.16426901,-32.19185782,158.5128115
19.8,1074.97,454.188,1041.398,9.736163213,-29.84706494,160.5374143
19.9,1136.585,444.3331,1049.008,7.357716925,-23.4232559,164.7920699
20,1222.907,440.4239,1062.593,4.63646892,-14.38055504,170.3030016
20.1,1307.439,448.5739,1078.964,1.059573902,-5.754871971,174.9009317
20.2,1362.351,460.2036,1095.142,-0.16924137,1.493039783,176.1524712
20.3,1369.644,465.0903,1111.104,-0.360252591,3.793116576,175.0822061
20.4,1325.725,461.2387,1127.134,-0.825643142,-0.376089209,171.1634226
20.5,1247.73,457.825,1143.812,-1.272034975,-8.471576488,165.1349374
20.6,1162.907,461.3469,1157.314,-1.857465509,-17.85890456,160.0092638
20.7,1090.316,469.202,1165.981,-1.723248726,-26.29743404,156.1218748
20.8,1049.68,474.1314,1167.141,-0.456443205,-29.15753791,153.7253108
20.9,1052.141,471.5557,1163.794,1.015120668,-25.05100331,153.2724206
21,1096.581,466.11,1160.296,1.180957551,-18.30132549,156.5832459
21.1,1166.916,466.9175,1167.992,-0.681557662,-10.03814795,162.0642633
21.2,1236.608,477.3771,1184.582,-4.412891334,-3.233146984,166.4574781
21.3,1275.063,487.0619,1206.611,-7.428588348,0.354985263,167.2371773
21.4,1264.6,485.0882,1227.913,-8.833042166,-1.812384189,164.1356971
21.5,1211.511,473.419,1245.858,-8.405540918,-8.97772678,158.9601336
21.6,1134.611,462.617,1251.981,-5.900113775,-18.17565665,153.3674656
21.7,1058.941,461.0028,1253.199,-3.224710127,-26.81808682,147.9323047
21.8,1002.951,466.6417,1259.281,-1.653074957,-32.30786507,142.8868552
21.9,982.5411,473.1313,1276.775,-2.601430206,-33.47159717,141.9924437
22,1004.401,477.3964,1301.682,-6.735244915,-30.78071208,146.0790391
22.1,1060.377,479.7466,1324.176,-11.11070694,-24.79111538,152.0706913
22.2,1136.21,482.2719,1336.792,-12.72581054,-14.6445167,156.3009661
22.3,1215.083,490.0162,1330.295,-12.49747725,-5.241486723,160.6393386
22.4,1264.744,498.8289,1313.729,-11.43656999,-0.034065292,164.9950461
22.5,1266.859,499.8221,1301.427,-9.602821992,-1.012226733,166.3438714
22.6,1224.519,488.3142,1298.497,-5.977270076,-6.396845769,161.923339
22.7,1161.029,475.3304,1308.595,-3.697814069,-13.98538314,156.401528
22.8,1103.293,469.374,1337.177,-3.95358766,-21.59416415,152.2652698
22.9,1068.616,470.3681,1376.059,-7.429493373,-27.36027629,152.1823295
23,1057.302,474.8937,1417.097,-11.84906405,-30.86647214,153.0796073
23.1,1073.543,476.0291,1449.18,-15.2490129,-28.93079385,155.4742824
23.2,1116.413,470.1412,1465.326,-15.70367267,-22.5109127,157.6282148
23.3,1179.662,466.2862,1474.11,-16.04921004,-14.85964247,161.1678278
23.4,1241.16,467.6187,1476.79,-16.03654064,-8.16809268,165.7383793
23.5,1277.111,468.2668,1470.76,-14.00690859,-4.332154388,169.1369663
23.6,1268.099,463.1862,1465.115,-10.79646161,-5.466844755,169.8360224
23.7,1220.169,452.5996,1465.119,-6.580809142,-11.18727685,166.2071843
23.8,1156.45,444.0411,1480.669,-3.895657183,-19.05317261,160.7472832
23.9,1108.874,441.4954,1516.268,-4.199929468,-24.54884184,157.1257699
24,1093.843,441.8539,1561.66,-8.117776119,-26.64556965,157.5089968
24.1,1116.682,443.4911,1598.24,-13.47193533,-26.18964321,161.087371
24.2,1164.277,441.506,1618.59,-16.30395851,-21.31610581,163.5323786
24.3,1222.221,437.5841,1622.008,-17.29835583,-14.91973931,166.5422955
24.4,1271.461,437.1444,1620.283,-18.15252684,-10.25171284,169.4490763
24.5,1303.957,439.8511,1623.44,-19.65108761,-8.323049955,171.8269188
24.6,1304.352,438.4904,1635.347,-20.53257557,-9.100169991,173.2302196
24.7,1275.738,431.8412,1655.301,-20.97934076,-12.99629458,173.7380992
24.8,1232.151,423.471,1682.955,-20.8277632,-17.5729351,172.8717915
24.9,1195.312,419.0367,1710.167,-20.92829085,-21.8762078,172.2902156
25,1183.093,416.9945,1739.396,-21.42458955,-22.10745163,172.4589989
25.1,1203.347,416.1295,1762.53,-22.45522742,-19.43795474,173.2758031
25.2,1247.08,416.5304,1779.933,-22.84648237,-14.43482387,175.2006093
25.3,1302.966,417.5349,1788.414,-22.48292921,-7.657006435,176.5938055
25.4,1350.872,419.401,1791.287,-23.14587522,-3.37868109,178.2338408
25.5,1374.239,419.5973,1795.641,-25.29919154,-3.736084739,-179.9028031
25.6,1366.969,416.8167,1806.113,-26.76759829,-7.332465179,-179.6526031
25.7,1341.452,415.2193,1821.449,-28.67784998,-13.56872578,-179.0993847
25.8,1318.154,420.6659,1841.503,-30.76936468,-17.21344896,-179.9914706
25.9,1319.498,434.276,1855.193,-34.8627105,-19.07354007,-178.2677095
26,1342.279,450.0863,1865.883,-39.90388506,-19.90573604,-175.5368826
26.1,1371.279,457.2058,1876.562,-42.2896787,-17.63373715,-174.3776696
26.2,1400.85,454.4239,1884.91,-43.40945249,-15.46474871,-173.5786817
26.3,1429.021,444.5706,1887.915,-43.42943789,-13.78374393,-173.183799
26.4,1454.701,432.0432,1890.501,-42.05883775,-11.559546,-173.7470759
26.5,1481.391,421.5151,1893.041,-41.3294344,-9.643433795,-173.6045473
26.6,1505.301,411.5932,1895.919,-40.3135074,-8.033092258,-173.5969537
26.7,1529.023,404.9414,1899.886,-40.08845704,-6.20782291,-173.2398209
26.8,1554.674,402.0564,1902.658,-40.48141248,-4.691860887,-172.6464914
26.9,1581.316,402.8931,1903.12,-41.28693984,-3.325366405,-172.2276891
27,1609.85,405.7991,1899.286,-41.78255861,-1.561499533,-171.7674721
27.1,1639.514,410.5767,1892.953,-42.43866565,0.151437636,-171.1836738
27.2,1670.142,416.3289,1882.825,-42.80895865,1.795457403,-170.3106285
27.3,1702.504,422.6121,1869.211,-42.96179307,3.749114129,-169.1535403
27.4,1735.813,428.8813,1854.55,-43.01200641,5.565004628,-167.3026712
27.5,1770.8,435.2057,1840.047,-43.52627467,7.161497561,-165.618731
27.6,1803.973,438.9286,1827.832,-43.23136767,8.747688175,-164.7917976
27.7,1834.691,439.9954,1817.305,-42.97804323,10.06948101,-164.1239791
27.8,1862.212,440.7258,1808.518,-42.48569447,11.10150749,-163.0693811
27.9,1882.434,442.1008,1801.656,-42.17750363,11.51940012,-161.8976692
28,1884.234,442.1971,1793.627,-42.63752664,8.924380854,-159.9214091
28.1,1860.562,440.1366,1791.871,-41.91906442,3.164110566,-159.1200941
28.2,1814.048,439.3799,1794.111,-41.19733495,-5.033520645,-159.7293716
28.3,1753.707,440.6053,1796.762,-40.25605578,-14.06453629,-161.0351987
28.4,1700.682,444.4874,1798.117,-39.93903454,-22.24013795,-161.910654
28.5,1675.578,447.8923,1797.631,-39.32486398,-24.60611158,-161.825029
28.6,1690.587,448.3075,1792.17,-37.64824735,-21.43264985,-163.332918
28.7,1740.295,447.9753,1779.004,-36.81429181,-14.28511171,-163.1544975
28.8,1809.83,451.1803,1758.448,-35.87792756,-3.993671507,-162.2291807
28.9,1871.651,457.8403,1731.134,-34.73876286,5.480498843,-161.718238
29,1908.839,467.1782,1702.099,-34.36284228,11.24831843,-161.8612248
29.1,1909.82,474.1734,1686.067,-34.7774456,11.21111024,-162.0121707
29.2,1874.878,477.8336,1682.53,-35.46055719,6.921515921,-162.9175397
29.3,1815.414,482.3666,1686.144,-36.25821604,0.02968706,-163.4509612
29.4,1749.413,488.9472,1685.801,-37.189673,-7.611445357,-165.7119208
29.5,1687.748,496.0061,1680.355,-37.36918505,-14.6604868,-167.2595436
29.6,1647.797,500.4693,1667.659,-35.72598846,-17.88929049,-169.8160872
29.7,1645.742,504.1594,1650.501,-34.76133954,-15.96631955,-170.4143098
29.8,1677.898,505.9053,1626.734,-33.54479393,-9.784665865,-170.2180326
29.9,1728.237,508.326,1597.05,-32.07377743,-1.019869092,-169.2179995
30,1782.171,514.8634,1565.213,-31.08000016,7.86914281,-169.3561243
30.1,1816.585,519.618,1535.683,-30.41062289,13.22306135,-169.0897923
30.2,1819.62,516.944,1513.552,-30.24059876,13.12049488,-169.4009329
30.3,1794.65,511.6435,1505.124,-32.16351391,7.459614378,-170.6371835
30.4,1746.761,507.4354,1504.908,-34.31127834,-1.371739707,-171.2577594
30.5,1688.436,507.6666,1504.059,-34.86461842,-10.51959748,-173.27915
30.6,1639.515,512.4711,1496.761,-35.56611678,-18.11314531,-175.0692747
30.7,1615.318,516.6641,1483.584,-34.88694995,-21.4473779,-176.2911287
30.8,1621.261,517.2101,1465.519,-32.61620357,-19.96122077,-178.4295674
30.9,1657.042,515.1641,1446.59,-30.69222763,-15.17703851,-179.4024229
31,1712.752,512.8698,1426.132,-29.20097751,-8.315525207,-178.9540228
31.1,1771.171,514.1439,1406.012,-28.1720294,-0.380125609,-177.7675552
31.2,1815.371,518.1375,1393.307,-28.3820911,5.276930116,-177.1264192
31.3,1832.275,519.2213,1388.643,-28.96344717,6.853811598,-176.6356589
31.4,1812.395,510.9737,1385.981,-28.59070473,1.977320081,-177.7353582
31.5,1763.604,498.8572,1386.501,-28.72839314,-6.960840445,-179.031062
31.6,1703.195,489.9119,1385.652,-28.28911297,-16.2093117,178.5439708
31.7,1652.2,486.1898,1374.776,-27.54050558,-23.76402028,176.4778286
31.8,1630.168,485.3098,1354.887,-26.39435856,-27.05898228,175.5739333
31.9,1644.484,485.5784,1333.22,-25.08868903,-25.24821315,174.7906893
32,1687.764,487.4916,1316.529,-24.43285673,-19.68422993,174.9878348
32.1,1748.317,492.9375,1305.314,-24.08812369,-12.09835776,175.4870019
32.2,1815.799,505.8503,1298.956,-25.6013364,-5.034177573,176.700202
32.3,1873.447,522.8383,1296.163,-26.11623251,1.713013608,175.4062897
32.4,1906.342,535.806,1288.392,-24.86100809,7.134650316,174.7969679
32.5,1903.626,542.0198,1276.116,-24.88967118,6.139084916,174.6088286
32.6,1867.468,541.0416,1267.423,-25.76652732,-1.489625703,173.8977325
32.7,1808.325,533.1863,1259.559,-24.34733325,-10.63463015,171.2844229
32.8,1743.832,524.8929,1250.379,-21.98571534,-19.01005787,168.9898407
32.9,1694.385,519.5004,1240.4,-20.27336139,-24.60673033,167.4229819
33,1677.818,513.0193,1229.479,-18.77695289,-25.78496864,167.0794417
33.1,1700.698,503.6736,1221.402,-18.01320115,-21.89712176,167.9797992
33.2,1752.563,496.787,1215.302,-17.77035731,-15.88013403,168.9039787
33.3,1817.049,498.5925,1209.751,-18.29904882,-8.953242094,170.9043289
33.4,1879.037,510.0645,1206.455,-19.22513315,-1.941590008,171.4824347
33.5,1919.136,521.6311,1203.057,-19.49559363,2.5720897,171.1855705
33.6,1924.893,525.0069,1198.52,-19.51182298,2.327990676,170.1443449
33.7,1898.051,518.9098,1190.251,-18.94420617,-3.074991987,168.5671105
33.8,1847.612,510.5327,1178.848,-17.25371723,-11.39430334,165.7454346
33.9,1790.048,505.3871,1163.265,-15.28089487,-19.37868459,163.8868446
34,1748.189,504.6332,1143.384,-13.69830264,-25.31017706,162.8351732
34.1,1736.79,504.0902,1126.521,-13.36948531,-27.84744796,163.2734429
34.2,1758.683,496.5728,1113.336,-12.56492509,-24.47817612,164.1198677
34.3,1811.091,488.8743,1101.599,-12.53555181,-18.48979117,166.49577
34.4,1883.921,489.1787,1088.667,-13.44798411,-11.17120889,169.6036988
34.5,1955.149,498.4287,1073.54,-13.70236233,-3.645816533,171.2236308
34.6,2004.232,511.0825,1061.164,-13.79052636,1.731857342,171.2347119
34.7,2018.047,517.6501,1052.768,-14.22123802,1.899860612,170.7256007
34.8,1992.43,514.9117,1045.342,-14.22682526,-4.477802742,168.5490801
34.9,1938.579,510.1083,1037.023,-13.02984675,-13.01283417,164.6022317
35,1879.538,508.2959,1024.604,-11.34868624,-21.67319551,161.274445
35.1,1833.87,501.1559,1007.716,-8.190886955,-26.67788259,158.8080058
35.2,1814.187,493.0711,990.968,-5.237564355,-23.16990182,156.918393
35.3,1831.357,487.3762,982.1272,-5.951059063,-18.23669908,159.6021987
35.4,1874.583,487.5265,978.679,-6.775362012,-10.15760182,162.417409
35.5,1928.327,493.586,975.5608,-7.613762604,-1.908312629,167.1550337
35.6,1966.939,506.2229,972.8127,-9.496587926,5.068326898,169.3379786
35.7,1969.674,515.9089,970.994,-10.69970699,5.314855398,169.53023
35.8,1932.684,518.6663,968.584,-11.74230068,-0.589712567,168.6053971
35.9,1865.239,515.972,962.9702,-10.61884142,-9.290610941,165.5796804
36,1788.546,516.213,951.8759,-7.641758271,-19.45098998,161.588014
36.1,1730.62,519.2518,939.7723,-3.975937415,-27.03499811,158.1683082
36.2,1701.99,515.4506,933.571,-0.312815311,-29.14146165,155.5607145
36.3,1700.877,500.2042,930.476,3.552831551,-27.80095618,155.1329095
36.4,1722.906,480.5721,931.622,4.696617527,-24.93422144,155.2450827
36.5,1753.547,464.6254,936.8978,4.880848772,-21.87097959,156.6448898
36.6,1784.174,454.8159,943.2524,4.959736004,-19.57941619,157.6007155
36.7,1811.447,447.8602,949.6907,5.652665805,-17.63873543,158.3301702
36.8,1836.611,440.5524,955.0107,6.375477613,-16.0899432,158.7823516
36.9,1861.792,432.7831,959.942,6.967697383,-14.32654809,158.4615642
37,1893.276,426.3585,962.9446,7.013315139,-12.5806868,158.6887591
37.1,1931.638,426.1299,965.1661,5.837576367,-12.65968508,158.9220919
37.2,1975.95,430.9831,964.759,5.059844549,-13.30761415,158.7318909
37.3,2022.934,436.6378,960.9231,5.000226329,-13.65636351,158.262036
37.4,2067.393,448.8477,952.3405,4.959483145,-11.87013619,157.9211024
37.5,2092.117,470.5161,949.486,5.289413132,-6.603743671,155.8003252
37.6,2101.052,481.1116,945.0058,6.910886056,-4.317986816,153.7217204
37.7,2108.523,472.3445,947.5553,7.806097043,-5.248073753,154.8675833
37.8,2116.395,451.5204,955.5807,7.575866544,-4.303986053,153.4723761
37.9,2121.188,439.7549,964.6138,7.261041446,-4.122761846,152.9341446
38,2131.242,433.5235,968.7573,8.719234775,-4.266144282,152.6937443
38.1,2152.488,417.1677,966.7374,11.06804879,-2.972562823,153.4950355
38.2,2176.373,405.8871,970.033,11.64666014,-1.133533807,153.3704458
38.3,2193.802,407.1196,974.2195,11.92929775,-1.949914419,153.4817788
38.4,2226.514,404.8792,972.5255,15.21653035,-2.853326704,154.9790674
38.5,2276.478,395.0531,966.0384,17.0699438,-1.076756472,157.2683192
38.6,2319.254,392.677,965.3071,14.83537113,0.075812286,158.9936998
38.7,2351.698,399.139,966.065,12.98703789,0.662058275,160.3999237
38.8,2383.857,408.0013,962.7383,10.75830351,2.440199059,161.7721061
38.9,2422.422,413.7134,950.8458,10.51293925,4.031754285,164.4309223
39,2465.066,416.7003,937.9026,9.777302775,6.244756463,167.7898699
39.1,2509.134,419.2547,929.0893,8.545678411,8.36440087,171.1886664
39.2,2556.039,425.2644,920.6325,6.272748464,10.39067138,175.3807452
39.3,2599.591,433.627,912.6527,4.937089103,13.82425975,177.6246383
39.4,2638.317,444.1808,904.9404,3.605638861,17.88684934,-179.5081123
39.5,2666.966,453.0355,894.5125,3.698097686,18.84403344,-177.6195949
39.6,2681.75,457.5418,884.3843,4.67983704,17.32453176,-176.2326841
39.7,2684.652,461.4224,886.1021,2.035942317,13.87534897,-177.6602137
39.8,2684.162,473.8332,907.7806,-2.200761563,11.23925928,178.6095866
39.9,2694.058,492.4312,939.9449,-6.274422278,11.24448325,174.6540202
40,2715.9,509.9722,972.4094,-10.22153389,12.22260221,171.216454
40.1,2741.449,522.8929,1000.666,-14.45752276,12.7321127,169.4526126
40.2,2759.401,525.0398,1014.4,-14.26815403,14.01647086,168.2388983
40.3,2758.749,515.251,1003.507,-9.687777586,13.66450112,169.0650118
40.4,2737.437,502.3428,985.5125,-5.625168706,10.54448616,170.6251962
40.5,2689.714,492.9907,974.2826,-4.357270995,2.251190877,171.2586297
40.6,2624.377,488.3125,969.1039,-2.958339692,-7.293571856,169.4002361
40.7,2553.075,491.8668,974.9675,-3.082758952,-18.14176251,165.5042994
40.8,2499.659,497.6562,987.8469,-2.34846303,-26.14073417,161.358402
40.9,2492.083,495.0326,994.0083,-1.052740827,-25.3444628,160.9126165
41,2535.673,482.9624,994.1336,-0.060188484,-17.87515827,164.9610888
41.1,2609.868,475.1501,992.8633,-0.324072941,-9.023109188,170.650367
41.2,2687.253,478.5186,1000.2,-2.88934703,-0.68230022,175.60871
41.3,2727.061,478.2556,1011.924,-2.665273389,3.765913908,175.3233131
41.4,2714.039,469.3361,1020.186,-1.381676627,2.630169677,172.6816845
41.5,2655.211,458.8826,1032.072,-1.657971779,-4.121618538,168.0052868
41.6,2569.404,457.1163,1046.592,-1.922131429,-14.52906078,161.5065754
41.7,2488.864,466.6754,1062.27,-2.776480931,-23.99197069,156.230393
41.8,2444.846,477.1523,1079.818,-3.958065154,-26.75198848,154.0242953
41.9,2450.905,476.0056,1094.724,-4.251561107,-21.89377637,156.3562425
42,2506.094,469.5771,1105.18,-5.822485452,-12.77603786,162.700641
42.1,2584.208,470.2021,1107.68,-6.028698241,-1.81497161,169.0662499
42.2,2651.953,481.632,1104.846,-5.327392943,8.859674374,171.6428816
42.3,2675.856,493.0087,1109.542,-5.929425562,12.59480538,172.0214197
42.4,2647.492,491.5629,1123.423,-7.299900711,8.092169825,170.2085102
42.5,2574.292,480.4202,1141.676,-7.68408884,-1.704606852,164.7503345
42.6,2488.9,474.8615,1160.504,-8.716594909,-13.82309252,159.2537391
42.7,2426.795,478.2875,1179.295,-10.06168447,-24.32188711,155.3383876
42.8,2412.678,479.3724,1193.162,-10.563914,-25.42790692,155.5247071
42.9,2447,476.4192,1200.925,-10.9907226,-18.64684055,157.6360858
43,2519.331,472.0135,1202.857,-11.58066673,-9.627803729,163.6880161
43.1,2604.514,474.7513,1201.453,-11.43048466,0.921424662,169.7520818
43.2,2679.971,482.613,1200.255,-10.88034395,10.1200105,172.1278736
43.3,2716.899,488.1783,1204.936,-10.40458498,13.46656539,173.6797311
43.4,2704.791,483.049,1217.172,-11.02411559,10.14477998,174.1161955
43.5,2648.551,472.5112,1236.287,-11.54877273,1.347752221,171.6977479
43.6,2570.862,468.7544,1258.932,-13.84055816,-10.96775681,169.585248
43.7,2496.355,472.0314,1284.8,-16.31627463,-23.27212223,167.8245169
43.8,2446.932,472.463,1310.387,-16.3769248,-29.04744053,165.9468972
43.9,2439.592,462.0721,1328.885,-14.90312732,-27.19389665,166.5126566
44,2477.54,444.4368,1336.215,-13.09450317,-20.15520886,168.5331223
44.1,2543.723,433.5145,1339.477,-11.138635,-10.24246113,171.3068232
44.2,2616.795,436.9409,1347.213,-10.02576704,0.896088748,173.3694461
44.3,2674.218,448.4805,1363.471,-9.532852457,9.784138866,173.5107218
44.4,2699.713,454.1915,1388.042,-9.956362684,14.22824966,172.8529271
44.5,2686.637,447.4315,1417.973,-11.16771335,11.26219805,170.4232257
44.6,2638.973,438.4761,1447.047,-13.70725793,2.220615851,169.1279854
44.7,2573.131,436.3213,1476.768,-16.31011201,-9.206281086,166.833562
44.8,2507.294,442.2757,1501.018,-17.00288661,-18.14085638,164.1961615
44.9,2460.565,451.3311,1515.564,-16.63986498,-23.46154976,162.6242808
45,2447.768,457.9549,1516.617,-15.42849766,-24.26190396,162.5661166
45.1,2474.125,450.4665,1506.651,-12.26050782,-19.14999815,164.6026854
45.2,2529.439,440.1865,1488.533,-9.483307987,-11.18622717,168.6445591
45.3,2596.324,437.7435,1474.2,-7.982077997,-2.340308728,173.1991706
45.4,2659.303,444.2149,1473.872,-7.015869573,7.196671142,175.236502
45.5,2705.328,452.5432,1490.134,-8.010531596,13.40898297,177.1386721
45.6,2723.743,454.0487,1517.486,-11.35944167,13.60576566,176.3230562
45.7,2713.501,448.8163,1549.518,-16.25598815,8.364603997,174.6585774
45.8,2676.2,437.9677,1576.888,-19.56980208,-0.051828711,173.811006
45.9,2618.533,427.7346,1595.225,-20.57852863,-9.253369645,172.5928521
46,2559.504,426.1066,1602.479,-21.99923454,-18.5539291,171.2840435
46.1,2520.308,432.2211,1600.968,-22.99126443,-25.5895131,170.2228419
46.2,2511.107,430.8104,1596.652,-20.22652291,-25.30129968,169.1622459
46.3,2536.33,422.7933,1593.996,-16.81963145,-18.38096263,169.0755777
46.4,2588.55,416.2968,1592.352,-14.84928413,-9.441056671,171.5150694
46.5,2648.099,418.648,1604.181,-14.36354422,0.721116624,174.6961939
46.6,2696.812,426.1331,1628.727,-15.23589042,9.23768779,175.5212399
46.7,2723.917,435.9644,1661.954,-19.28839655,14.32557618,177.951538
46.8,2721.599,433.1366,1694.242,-22.60540443,13.08036404,179.6763192
46.9,2686.669,420.2285,1719.735,-24.09380384,7.150281746,179.1430257
47,2628.604,404.6177,1743.085,-25.50209949,-1.646664115,179.1930252
47.1,2558.529,393.6294,1756.675,-26.53758583,-11.78518968,179.4804845
47.2,2492.104,386.3881,1766.288,-25.39203866,-19.1297923,175.4412447
47.3,2446.987,386.6342,1779.294,-25.4616638,-23.08947366,174.1220335
47.4,2429.221,385.7007,1797.478,-26.54645589,-24.44949354,174.1093066
47.5,2432.534,380.8256,1819.203,-28.16383306,-23.67978083,174.5084749
47.6,2447.066,372.2115,1841.521,-30.00677051,-21.51012682,175.9803862
47.7,2463.131,364.8538,1862.718,-31.73122709,-18.48319509,176.1549692
47.8,2477.68,359.1897,1879.602,-32.9433252,-14.97699533,175.802612
47.9,2494.246,360.6518,1890.953,-34.48066753,-10.66909606,174.9592433
48,2517.259,371.308,1894.535,-37.53267086,-5.620791597,177.82418
48.1,2551.098,390.286,1889.933,-40.69240076,-0.820788468,177.9472843
48.2,2591.094,411.3498,1880.273,-41.98742363,4.429620109,176.6962629
48.3,2632.367,434.0282,1863.589,-41.71028492,9.513011439,173.5438349
48.4,2667.623,461.7932,1842.494,-43.10412335,12.11631863,173.8625569
48.5,2693.027,486.9099,1822.601,-42.85361656,14.87979905,174.7976035
48.6,2710.461,505.7705,1806.593,-41.46147726,16.5795035,175.5443653
48.7,2719.908,515.4545,1791.356,-41.0732193,16.06490046,176.883217
48.8,2716.785,515.5005,1784.558,-40.00860801,13.96475994,177.8814708
48.9,2693.159,509.2003,1782.604,-41.88623576,6.701767586,179.9195114
49,2649.167,497.2225,1789.973,-42.69191603,-2.933961909,-179.7948719
49.1,2590.473,481.0968,1802.396,-43.00330421,-12.72377372,-175.7808702
49.2,2537.188,469.1321,1813.192,-42.72019227,-21.48485931,-176.4183682
49.3,2504.524,461.5878,1820.041,-42.83052914,-27.06825995,-175.2273617
49.4,2499.557,451.8414,1824.462,-39.07513768,-24.93100209,-177.4057667
49.5,2532.378,441.7997,1825.331,-34.56138346,-17.51523637,-179.6875956
49.6,2597.469,441.7724,1821.757,-32.79736819,-7.957340348,-177.6803453
49.7,2675.548,453.2053,1809.791,-31.85957904,2.208804008,-179.5907604
49.8,2738.51,470.0088,1790.651,-31.073093,9.854938232,-179.8141965
49.9,2768.732,482.2115,1778.504,-30.34409322,13.74016474,179.5541324
50,2757.921,485.5514,1770.197,-30.97565678,7.990144682,177.5146985
50.1,2710.968,482.9654,1770.79,-31.1805309,-3.627021288,173.7220809
50.2,2646.87,480.0634,1778.717,-31.32667312,-13.52419753,170.2904922
50.3,2584.591,479.2321,1778.473,-32.34944298,-23.95710708,169.3520433
50.4,2538.91,479.9937,1769.018,-32.99711505,-30.31158313,169.4331183
50.5,2528.215,468.9992,1755.931,-27.422064,-25.63041442,166.9610776
50.6,2566.761,452.5216,1732.782,-22.08636029,-15.88919489,168.2663374
50.7,2640.738,448.4021,1693.126,-18.09158861,-4.099292491,172.9719913
50.8,2717.281,467.6134,1661.002,-15.54759698,8.062040994,175.6888992
50.9,2764.482,498.435,1636.768,-15.2961059,16.29674772,178.3634922
51,2759.85,514.9172,1628.574,-16.38422011,15.620642,177.9511715
51.1,2711.685,505.2177,1639.722,-17.32087683,8.733429281,175.0798734
51.2,2631.755,483.6218,1661.958,-18.44648149,-3.38463216,170.4964937
51.3,2550.049,466.6337,1681.852,-19.59692104,-15.95890552,164.7739583
51.4,2494.931,461.4067,1695.992,-21.8913199,-23.58509256,162.3908677
51.5,2488.136,459.3343,1707.88,-22.72948478,-20.58975638,162.4030743
51.6,2533.488,456.1348,1714.736,-23.77611117,-12.77831386,164.6304129
51.7,2610.679,452.8646,1713.068,-25.0361163,-2.876424267,167.8195292
51.8,2685.626,451.2837,1707.669,-24.96446608,7.364545824,171.5381806
51.9,2731.658,445.3734,1699.419,-23.29636016,14.19611422,168.8846789
52,2740.198,434.1119,1694.169,-21.90485804,16.35185132,168.5180445
52.1,2730.178,423.4272,1692.64,-20.32313382,16.17756433,169.7308369
52.2,2724.675,419.1507,1689.008,-19.84739132,15.26792577,170.9921721
52.3,2733.121,416.5195,1680.198,-19.16752143,14.86269944,172.7055824
52.4,2753.882,411.3709,1664.263,-18.46706241,14.91013813,174.9945736
52.5,2776.153,402.8914,1641.747,-16.94832086,15.09787395,176.5080916
52.6,2792.68,392.8163,1619.24,-15.35127422,15.07582735,178.6369863
52.7,2800.954,385.539,1595.119,-14.1262313,14.4563664,179.7736161
52.8,2803.849,380.4587,1573.457,-12.17842333,14.12052453,-179.7161881
52.9,2806.45,379.0823,1551.803,-11.05199273,14.05580877,-179.0751286
53,2809.91,378.458,1527.202,-10.7903669,14.07823284,-177.5504664
53.1,2812.253,377.0025,1502.394,-9.927961188,14.42131436,-176.4385166
53.2,2811.508,373.2644,1478.834,-8.697929591,14.71198487,-176.103122
53.3,2808.184,369.103,1457.145,-7.686754512,14.77490379,-175.4448461
53.4,2803.778,364.1927,1434.79,-6.396621334,14.90296549,-174.7435254
53.5,2799.09,359.8675,1411.844,-5.125229803,14.9990606,-174.1918811
53.6,2795.864,357.0819,1386.909,-4.063506152,15.25779734,-173.2077889
53.7,2793.913,355.9746,1359.297,-3.285170886,15.90020569,-172.4092644
53.8,2792.441,355.1622,1330.038,-1.833492175,17.12122399,-171.2748623
53.9,2789.372,353.772,1300.824,-0.318605129,18.20071698,-170.2284944
54,2785.401,351.3626,1271.303,1.044264154,18.90791772,-169.333911
54.1,2782.153,348.2496,1241.268,2.415872591,19.30158809,-167.8455513
54.2,2778.181,344.2498,1208.786,3.851567739,19.08333758,-166.3718795
54.3,2775.991,340.0953,1175.201,5.945245164,18.74936682,-164.3317272
54.4,2775.808,335.6804,1142.572,8.496195046,18.55203016,-163.2359941
54.5,2777.866,330.5593,1112.417,10.63369773,18.18608885,-162.0856613
54.6,2781.625,326.6512,1083.798,12.89133733,18.03576351,-160.864784
54.7,2786.138,322.0478,1055.966,14.99218902,17.76298099,-159.7554836
54.8,2788.988,316.0196,1030.376,17.19825628,17.05280425,-158.7333423
54.9,2789.21,308.3296,1009.145,18.96731831,15.67603837,-159.0267065
55,2780.035,298.4168,998.9234,19.68884617,13.26090389,-160.4864169
55.1,2762.019,287.8751,1001.302,19.08439931,10.50027404,-163.3943793
55.2,2739.919,279.7162,1013.006,18.33787173,8.492828127,-165.7487789
55.3,2719.323,275.0952,1022.233,18.72607301,7.044198676,-166.529034
55.4,2700.108,273.0235,1024.906,19.93973591,6.685169665,-166.6933091
55.5,2674.962,271.4092,1025.915,21.14526423,6.626931668,-167.1902611
55.6,2642.366,268.6994,1032.679,21.26226795,5.991761344,-168.3618185
55.7,2604.848,263.419,1040.827,21.94820598,4.428123064,-169.3467526
55.8,2566.9,255.3018,1047.096,23.62167196,2.883996789,-170.3510668
55.9,2530.368,246.7996,1050.903,24.86999575,1.129238133,-171.8255665
56,2495.013,240.8747,1053.663,25.78069944,-0.532303439,-173.1562322
56.1,2459.662,239.9182,1059.039,26.53610725,-2.032984453,-174.683346
56.2,2424.094,243.7932,1066.9,26.75297469,-3.620282148,-175.9232271
56.3,2389.02,250.5081,1074.746,26.68334177,-4.837989508,-177.1313973
56.4,2355.752,257.0502,1078.854,26.96740853,-5.565803549,-178.3022222
56.5,2324.808,260.482,1078.178,27.87298662,-5.927695857,-178.7824998
56.6,2294.769,259.734,1078.052,28.51208907,-5.707721619,179.8631527
56.7,2261.247,255.2324,1080.676,28.63930388,-5.40541431,178.0089681
56.8,2225.405,248.6276,1084.559,28.64686993,-5.206115279,176.2429449
56.9,2186.635,241.5347,1086.378,29.3208246,-4.940061195,174.8252055
57,2146.134,234.7925,1087.445,30.21595212,-4.483665595,173.5285221
57.1,2106.104,229.9246,1090.38,29.79139074,-3.709511643,172.6734437
57.2,2065.965,227.658,1092.211,29.18647788,-3.242979602,172.7286698
57.3,2025.365,227.7433,1091.375,28.76620402,-3.314902911,173.7377299
57.4,1982.388,227.3702,1090.724,28.72983966,-3.448954106,174.4378071
57.5,1938.503,226.1188,1090.193,28.48268868,-3.909716226,174.5447694
57.6,1895.374,223.4737,1090.894,28.67820305,-4.275170668,174.2264661
57.7,1852.351,220.2832,1092.191,29.10087285,-4.581375637,173.4829034
57.8,1811.36,216.8044,1095.308,29.26101476,-4.672562751,172.6406178
57.9,1770.641,213.4064,1100.175,29.44905347,-4.573484622,171.9692838
58,1727.984,211.1729,1104.677,29.87716178,-4.41728594,171.2274228
58.1,1685.146,211.5851,1106.336,30.09131352,-4.410402818,170.5308069
58.2,1643.11,214.3713,1105.875,30.86954487,-4.421555082,169.6575039
58.3,1602.929,217.894,1109.478,30.47168523,-4.84486734,169.0604985
58.4,1564.42,221.5795,1114.602,29.82833413,-5.607710182,168.862977
58.5,1527.55,223.8912,1117.859,29.66363269,-7.057477758,169.5800883
58.6,1492.479,224.7734,1119.808,29.02458307,-8.777078213,170.6237246
58.7,1458.061,224.1557,1118.408,28.32310022,-10.84619456,171.9316348
58.8,1423.729,221.8321,1115.402,28.93376453,-12.560047,172.3863379
58.9,1390.263,219.369,1112.225,29.0569342,-13.94338406,172.4990951
59,1359.69,216.5108,1110.202,28.96428813,-14.86336999,172.9243961
59.1,1331.334,213.8016,1112.461,29.07486112,-14.88556369,172.5154031
59.2,1306.18,212.4849,1113.411,28.92944891,-14.94083141,173.1421389
59.3,1278.782,212.0238,1115.692,28.71239262,-14.6757606,173.1075339
59.4,1246.374,211.7157,1118.05,28.38093507,-14.82429419,173.3981668
59.5,1211.511,211.5649,1118.043,27.72750819,-15.40057999,174.222849
59.6,1176.131,210.546,1118.489,26.26995371,-16.25473175,175.0298563
59.7,1140.138,208.7076,1115.996,25.55813696,-17.30653776,176.4886599
59.8,1104.345,209.1734,1111.14,24.9647096,-18.30161938,177.653628
59.9,1070.985,210.1277,1113.229,24.98317913,-18.8420366,178.4592476
60,1035.505,213.2826,1119.397,24.53716056,-18.50121966,177.4536335
60.1,996.6181,217.0464,1125.246,24.93885689,-17.6868375,175.782976
60.2,957.2809,218.8926,1130.109,26.04133301,-16.82763057,174.8206892
60.3,917.7328,218.239,1134.213,26.54455255,-16.07027769,174.2581099
60.4,876.3397,216.3339,1140.996,26.44060778,-16.20019391,174.1843601
60.5,829.8218,215.0903,1146.731,25.38229264,-16.84375823,173.4433853
60.6,779.6428,214.1349,1147.668,26.5583469,-17.61367364,171.7219535
60.7,735.9697,214.5058,1147.624,26.75210916,-18.11357229,170.2602086
60.8,703.1506,214.4351,1149.382,26.13252627,-17.83689514,169.0483439
60.9,676.8525,214.7635,1148.822,26.7879644,-16.61968777,167.8376966
61,648.5891,215.0056,1150.51,27.63759955,-15.38827949,166.7881526
61.1,615.1706,212.4446,1154.542,27.72708234,-14.68744385,165.5760598
61.2,577.6695,209.3441,1156.729,28.6958007,-14.29405081,163.9947988
61.3,540.812,208.9879,1159.655,28.55446383,-14.16764773,161.9259953
61.4,505.7487,211.3526,1164.468,28.52256146,-14.06988411,160.5521304
61.5,475.0553,215.1332,1166.519,28.23164382,-14.67820002,160.4805387
61.6,447.1135,217.9931,1164.105,27.97664137,-15.39599499,161.2311542
61.7,420.2372,220.7829,1160.503,28.30492175,-16.03212869,161.1554692
61.8,394.6054,222.6615,1161.333,28.44772772,-16.69525684,161.4848621
61.9,367.1306,222.4438,1165.261,29.02582636,-16.63632135,159.8735206
62,338.0965,224.3525,1168.438,28.78183264,-17.10122994,157.9857049
62.1,306.6713,231.4244,1170.868,28.65842768,-18.14619663,156.4530894
62.2,278.0431,240.3399,1174.204,27.49621646,-19.7620053,156.3796909
62.3,250.4837,249.173,1174.782,26.49409378,-21.65223572,156.8647856
62.4,223.9279,255.5998,1171.272,26.24905748,-23.74639852,157.2894143
62.5,202.0564,261.374,1167.505,26.29676724,-25.26220597,157.4468584
62.6,187.9246,267.0228,1168.486,24.68167114,-26.67093095,158.3666905
62.7,179.0866,271.371,1172.899,23.75330066,-27.02714006,158.7667575
62.8,176.2007,274.5793,1179.936,21.54309161,-27.75143713,160.6267965
62.9,175.6667,276.0548,1190.651,18.94924102,-28.74551995,163.4252457
63,176.8214,276.1559,1201.026,16.67783589,-29.63096326,166.1296983
63.1,177.2564,275.1508,1212.952,15.56601431,-30.01510435,167.6288101
63.2,176.5248,273.8371,1229.773,14.75340685,-30.13201973,167.8868481
63.3,178.3958,273.9475,1251.145,13.03652946,-30.30530092,168.1423502
63.4,181.4863,276.4126,1277.175,11.22995572,-30.10216078,168.4561099
63.5,181.82,281.2924,1302.292,10.32491548,-29.68212548,167.8295002
63.6,182.0319,286.2552,1324.854,9.605312599,-29.44701848,167.807427
63.7,183.565,288.8683,1345.994,9.21407148,-29.40724218,168.1740919
63.8,186.9013,289.8872,1364.749,8.623998199,-29.96608958,168.6134974
63.9,191.868,290.2785,1384.709,6.624844774,-30.49356011,171.6881393
64,193.6412,290.3307,1408.25,5.393972194,-31.0552781,173.4764226
64.1,197.1479,291.5354,1434.463,3.388945773,-31.83562712,174.6222205
64.2,202.8301,290.8347,1458.985,2.645158331,-31.96636991,175.4115836
64.3,210.1306,290.0429,1481.472,1.514784927,-31.99353478,176.1323079
64.4,216.1894,288.5014,1503.452,1.185425943,-31.89049912,176.3111049
64.5,221.2885,287.4184,1525.371,0.946695597,-31.92320303,176.3746799
64.6,226.813,288.0741,1547.818,-0.09515414,-32.1374047,176.6473927
64.7,232.6383,290.0902,1572.056,-1.088022604,-32.21193377,176.7879091
64.8,240.5084,294.2126,1596.848,-3.281129176,-32.47645347,177.738524
64.9,248.8945,299.2182,1621.125,-5.437320359,-32.69336129,178.7703231
65,256.2704,303.3959,1643.564,-7.15088141,-32.7286791,179.5197514
65.1,263.2494,306.0224,1663.844,-9.010949537,-32.95821405,-179.7234626
65.2,268.3074,306.5856,1682.478,-10.43658162,-33.23630678,-179.5639279
65.3,271.9735,306.7573,1701.109,-11.95999196,-33.48339886,-179.1188631
65.4,275.3465,309.3905,1722.572,-14.15000361,-33.78760658,-179.0128353
65.5,280.0179,315.9609,1744.206,-16.58727459,-33.98856839,-178.7358003
65.6,289.1096,327.0972,1765.698,-20.1950978,-33.57773993,-177.1936749
65.7,302.8785,344.3752,1782.357,-24.59920368,-32.67162577,-175.3848705
65.8,316.0111,364.4762,1786.238,-26.38162633,-30.41104453,-175.1088809
65.9,327.9526,382.6684,1771.055,-27.01704272,-29.22426809,-174.5840194
66,332.5311,392.5787,1738.474,-25.0678078,-29.15553176,-174.216923
66.1,330.1961,400.6762,1697.307,-21.35200056,-28.25664179,-175.3241212
66.2,324.2863,407.3908,1651.014,-18.81867962,-28.11436249,-176.2693157
66.3,316.5577,410.1141,1604.684,-16.03204459,-28.63203197,-177.6480228
66.4,308.2563,408.666,1556.78,-12.65608763,-28.87320574,-179.2355034
66.5,301.045,407.4064,1508.161,-9.453030544,-29.01379803,178.7840849
66.6,293.1328,405.8388,1461.209,-5.964360869,-29.05297156,176.0809042
66.7,284.3336,402.8908,1413.295,-1.761199128,-28.82049532,173.0558086
66.8,274.8611,399.7352,1366.232,2.708699047,-28.56022016,171.0898985
66.9,265.9473,398.1035,1319.951,7.077477679,-27.88440007,169.5651599
67,257.1565,397.5231,1279.109,11.4337889,-27.27127652,168.7216722
67.1,249.6472,397.9906,1246.091,15.74335481,-26.26600823,167.218281
67.2,247.0591,398.063,1224.016,19.49188998,-24.99433309,166.2289499
67.3,250.4697,396.2866,1220.184,20.90904511,-23.85791375,165.7678765
67.4,257.0014,393.6563,1238.058,18.71198747,-23.01333721,166.3531529
67.5,261.1657,390.8882,1271.42,15.56905978,-22.40302729,166.1792262
67.6,265.9006,392.2083,1319.039,10.02715647,-22.67521213,167.7658659
67.7,272.6685,396.9559,1370.325,4.803033381,-22.59578429,168.2550512
67.8,278.7263,401.7479,1416.005,0.250757647,-22.61858321,169.5303962
67.9,283.8386,406.4799,1459.77,-3.116810283,-22.41272363,169.6767147
68,286.6678,412.4864,1499.265,-6.64587647,-22.31638787,169.7713827
68.1,290.5266,420.4261,1537.109,-10.64189665,-22.75946651,169.8376389
68.2,298.4288,430.9932,1573.193,-16.03321703,-24.07788372,171.7812269
68.3,310.9923,443.0344,1603.567,-21.25860564,-24.37061058,174.0789371
68.4,324.7573,456.903,1627.538,-26.253555,-23.90465375,175.5758618
68.5,335.6431,465.7416,1639.698,-28.50886011,-22.93042811,176.207361
68.6,344.7904,464.0612,1636.205,-28.66763759,-22.94081876,177.3162905
68.7,351.5073,451.8176,1619.119,-26.44386322,-23.24663924,178.6317483
68.8,353.544,437.3312,1595.726,-22.74819838,-23.12431362,178.4231808
68.9,352.7438,424.5683,1567.889,-20.23641113,-23.18403415,178.4652305
69,350.0221,412.4932,1536.69,-14.87602858,-23.37410459,177.6289211
69.1,346.8628,401.4511,1504.812,-10.94452653,-23.71726007,177.4568769
69.2,343.5892,394.8469,1470.886,-7.874865022,-24.44407781,176.7712241
69.3,340.0598,392.0667,1437.763,-5.302022567,-25.1172,176.4223459
69.4,337.5555,388.972,1400.982,-2.543721585,-25.66011732,175.7655092
69.5,336.0382,385.4923,1360.715,0.867655657,-25.94586684,175.1768206
69.6,336.425,382.5129,1319.134,4.785502235,-25.93950074,174.3369766
69.7,335.916,378.2657,1273.999,9.783928141,-25.68582907,173.0015557
69.8,334.6725,373.8807,1232.866,15.71043523,-24.76225247,170.9933734
69.9,334.9568,370.7324,1198.825,19.86857491,-24.08141371,170.2196946
70,339.2712,369.3795,1183.91,20.99827554,-23.52148075,170.3325113
70.1,344.9126,369.0092,1191.471,18.77503784,-23.18513438,171.0994567
70.2,349.5477,368.4922,1216.667,15.13113204,-22.97664708,171.8198667
70.3,350.3247,368.5799,1248.496,12.32723126,-22.77774616,172.1489894
70.4,351.0185,369.0209,1286.889,9.000172582,-22.36616073,172.6904241
70.5,353.0723,369.9574,1330.812,5.398596082,-21.80953242,172.3713412
70.6,357.3891,371.883,1377.924,1.197032198,-21.29372702,173.0810125
70.7,362.4536,376.3955,1426.581,-2.910394142,-20.81090991,173.6389218
70.8,367.6796,384.8006,1472.412,-6.799535857,-20.28058762,173.8485554
70.9,373.7551,397.6555,1518.936,-11.57184157,-20.26998175,174.8421138
71,380.9962,413.0856,1562.9,-16.761434,-20.64903707,175.7532011
71.1,387.0591,426.9307,1599.581,-20.61596188,-20.45076165,175.8974374
71.2,395.3427,439.2859,1626.566,-24.70229783,-20.52040939,176.9822242
71.3,403.6817,447.731,1641.972,-27.60604046,-20.12709021,177.8890627
71.4,411.3715,445.8216,1639.309,-27.94252667,-19.89542869,178.8415711
71.5,417.4297,433.4009,1619.987,-25.54362426,-19.64442986,179.4501569
71.6,422.1199,421.4252,1591.788,-24.75467834,-19.49709868,-179.7507574
71.7,424.5973,412.4619,1556.601,-19.36216399,-18.83956802,179.8711762
71.8,424.3148,406.2161,1523.277,-16.2525618,-18.82197418,178.6366552
71.9,423.8098,401.0674,1488.551,-13.25005805,-19.2614069,178.4897904
72,422.8253,396.6573,1452.669,-10.87673619,-20.37331351,179.6916116
72.1,419.9884,393.0925,1416.314,-8.076238793,-21.09140886,178.7735331
72.2,415.2045,387.2635,1378.33,-4.604526661,-21.79192707,177.471494
72.3,412.2517,379.5996,1338.467,-1.144444297,-22.45065842,176.3742091
72.4,410.66,369.4377,1296.083,3.275816223,-22.66728663,175.105313
72.5,410.8888,359.2719,1254.764,8.155909406,-22.61544628,173.7535138
72.6,410.2477,351.5677,1217.3,12.82011673,-21.91588729,172.5459519
72.7,408.4845,348.746,1188.19,16.37592137,-21.82591289,171.642733
72.8,408.2847,351.0455,1173.837,18.02681625,-21.71717812,171.0750488
72.9,411.8639,355.6955,1175.838,17.15388012,-21.52264381,171.2258116
73,418.943,360.1436,1190.153,15.19016966,-20.87427572,171.4662937
73.1,426.9664,363.629,1213.03,12.8693292,-20.17044342,171.6848629
73.2,434.7045,366.3909,1245.661,9.358247659,-19.48808918,172.0392176
73.3,437.7707,367.7769,1283.196,6.579948902,-18.61576909,171.2398658
73.4,438.0646,368.7742,1323.403,3.463514877,-18.2485888,171.4313492
73.5,436.2051,370.5114,1364.791,-0.072993384,-18.40291648,171.3200631
73.6,435.4727,372.8428,1408.158,-3.302400262,-18.39859058,171.1869017
73.7,437.43,376.7696,1452.81,-6.809944908,-18.32148204,170.9821855
73.8,441.9478,382.4563,1495.687,-10.11850894,-18.00503669,171.1421992
73.9,450.2289,391.22,1538.103,-13.92089526,-17.8960552,171.5966974
74,460.319,400.7533,1575.961,-17.33320336,-17.48441019,171.8965642
74.1,470.7171,409.8885,1607.389,-20.36492846,-17.37871063,172.3835181
74.2,479.906,417.1627,1631.293,-23.6829719,-18.16842666,173.8232093
74.3,487.9296,419.7542,1643.158,-26.04057484,-18.7998343,175.3471709
74.4,495.5866,415.9633,1640.892,-26.3653758,-18.82809171,176.6883015
74.5,503,407.7893,1629.783,-24.82828996,-18.36484316,177.3971007
74.6,510.6956,399.4331,1611.891,-23.67059581,-18.53800622,178.4766646
74.7,515.7422,392.8143,1589.445,-22.67605985,-19.9565924,179.4821321
74.8,519.1804,387.372,1564.571,-20.08433863,-18.92239772,179.7545089
74.9,519.4199,381.607,1534.564,-17.89619898,-19.92719041,-179.2247502
75,516.6669,376.1717,1502.68,-15.32175066,-20.92251093,-179.5894063
75.1,512.2548,370.5353,1468.861,-11.9809714,-21.65827665,179.8342455
75.2,507.6095,364.5553,1432.008,-8.434138249,-22.32903487,178.8296348
75.3,504.1618,358.2493,1392.51,-4.863446397,-22.66222867,178.4780709
75.4,503.0957,352.3413,1349.4,-1.168998321,-23.0473033,177.7419195
75.5,503.3386,347.4596,1306.435,3.025886828,-22.86955757,176.5439034
75.6,504.2487,342.7112,1266.531,7.432171878,-22.09233271,175.6060073
75.7,504.0747,339.5621,1230.324,10.53296695,-21.99108105,174.682387
75.8,500.8564,338.076,1200.373,13.88522715,-21.53085618,172.9103355
75.9,498.9361,338.7283,1177.321,16.18094967,-21.1818261,172.1653207
76,500.9632,340.3147,1164.104,18.12811482,-20.42765289,171.6658398
76.1,505.5964,341.5782,1161.737,19.10082433,-19.56772587,171.9183106
76.2,513.0542,342.4458,1176.425,16.07141111,-18.85645266,172.7293466
76.3,519.6317,343.6979,1201.539,12.43085745,-17.97259276,172.2845285
76.4,524.376,345.2426,1231.99,8.40609123,-17.56264245,172.8583013
76.5,524.278,347.2713,1264.947,5.326587437,-17.23047694,173.3326513
76.6,521.1959,350.721,1298.375,3.006222043,-16.88698939,172.5333691
76.7,518.5341,356.7465,1335.761,-0.319095843,-16.9957319,172.9467814
76.8,518.5583,364.0731,1375.088,-3.82482961,-16.97554413,172.7035718
76.9,520.9479,372.2143,1417.22,-7.059094818,-16.71217834,172.5672637
77,526.5938,382.8508,1459.324,-11.16449431,-16.66186932,173.3768707
77.1,534.5858,395.2935,1498.411,-15.24173717,-16.727232,173.9629368
77.2,544.1218,409.8043,1534.242,-19.35947957,-16.895852,174.2059477
77.3,555.4619,422.6401,1563.699,-23.10353058,-17.18388265,175.5463795
77.4,567.7509,432.4792,1585.564,-26.208845,-17.17535788,176.7359511
77.5,580.5731,436.0462,1595.521,-28.48958314,-17.18538743,178.3175314
77.6,590.5372,431.375,1593.173,-28.75977369,-17.333819,179.5544985
77.7,597.9433,420.6775,1580.13,-26.96814323,-17.05224154,-179.4243117
77.8,603.2655,410.6818,1560.036,-25.49127404,-17.63797675,-178.4497924
77.9,605.5617,402.7702,1535.571,-24.90022289,-18.66463601,-177.4004285
78,606.473,395.2744,1505.253,-20.18175292,-18.59249828,-177.2907963
78.1,607.1371,388.1047,1472.788,-17.50180196,-19.72424147,-176.5630009
78.2,605.2725,379.1376,1436.761,-12.9732531,-20.29256023,-177.6433595
78.3,602.6143,371.6671,1398.374,-9.418182632,-21.4751989,-178.1639852
78.4,598.886,364.9837,1357.435,-5.334637858,-22.43396853,-179.031858
78.5,597.1912,359.5529,1315.79,-0.946756348,-22.92084016,179.6472979
78.6,597.1468,356.2895,1274.945,2.931732036,-23.32228327,178.671475
78.7,600.1188,355.1097,1235.621,7.037606503,-23.26605067,177.2788281
78.8,604.158,356.3625,1202.347,10.23906662,-23.15863713,176.0981074
78.9,609.5844,358.6785,1176.627,14.001905,-21.70164995,173.9542186
79,615.6721,361.7806,1162.054,15.90341365,-21.06207029,173.3731587
79.1,622.8057,364.4354,1161.577,16.22453925,-20.50917001,173.6680744
79.2,628.7624,365.5529,1176.281,14.95850302,-19.93771428,174.200322
79.3,631.9788,366.5231,1206.575,11.62770448,-19.48085697,174.0359357
79.4,636.171,368.9915,1248.555,6.219912735,-19.45398509,175.2426825
79.5,638.3046,371.8739,1289.598,2.494598636,-18.95087736,175.2159346
79.6,638.5469,374.6195,1324.311,0.161656023,-18.15437173,176.0739384
79.7,635.557,377.7648,1355.41,-1.749581202,-17.8068958,175.9849967
79.8,631.9291,381.0946,1386.579,-3.502797087,-17.53261907,175.5163046
79.9,629.5312,384.9664,1420.88,-6.182653994,-17.62214327,176.1772776
80,630.0805,388.9276,1455.431,-9.221374145,-17.63426656,176.7156486
80.1,633.8309,392.9072,1487.704,-12.31787,-17.85982476,177.7726048
80.2,640.2422,397.7876,1517.759,-15.44673456,-17.75089157,178.6861941
80.3,648.4176,404.2434,1544.617,-18.65868829,-17.89097969,179.1194862
80.4,658.5011,411.3621,1568.251,-21.96903827,-17.75578045,179.8054761
80.5,668.6339,418.3943,1589.308,-25.35049104,-18.10947435,-179.5426115
80.6,679.3765,424.635,1605.408,-28.39480143,-18.22011066,-178.97326
80.7,691.6958,427.8378,1611.508,-30.29481535,-17.86022284,-178.0108892
80.8,703.5514,423.4937,1606.098,-30.40111614,-17.48761137,-176.50186
80.9,712.1697,414.7743,1593.581,-29.22151692,-17.26394522,-175.417285
81,716.9274,406.522,1576.93,-27.32513587,-16.91729551,-174.9551274
81.1,718.1704,400.0634,1557.888,-25.6391306,-17.23546431,-174.4320252
81.2,718.264,394.235,1535.687,-23.55154965,-17.51340739,-173.8191258
81.3,716.6561,388.9742,1511.793,-20.97990421,-17.9660203,-173.8107661
81.4,713.0577,384.0586,1483.873,-18.02989714,-18.43954511,-173.8946573
81.5,707.5946,379.9415,1453.453,-14.99859446,-19.18321039,-174.0033926
81.6,701.2455,375.0747,1422.76,-10.6582685,-19.25348859,-175.0679721
81.7,696.952,371.2171,1389.138,-7.701843836,-19.94015753,-174.9346412
81.8,693.1685,367.3138,1353.671,-3.925660325,-20.13752488,-176.0855744
81.9,691.0682,363.1632,1315.031,-0.586805497,-20.29927025,-176.2505317
82,689.6088,359.2857,1275.088,3.127158776,-20.2126423,-177.0605554
82.1,689.2362,355.3278,1235.677,7.317671212,-19.89643904,-177.9956472
82.2,691.1465,352.5031,1198.758,10.97165766,-19.34942501,-178.5486221
82.3,694.9209,352.1445,1170.331,13.47447039,-19.00042054,-179.1139858
82.4,698.2968,354.2739,1151.602,14.78712464,-18.79292975,-179.4401243
82.5,704.2068,356.8628,1146.198,14.10712274,-18.48891512,-179.3353764
82.6,712.575,360.2041,1154.198,11.3474254,-18.03682201,-178.5323041
82.7,719.2625,364.8969,1171.397,8.054680515,-17.42588755,-178.375921
82.8,722.9595,369.4848,1193.333,4.93967393,-17.07861591,-178.5476136
82.9,723.394,374.0219,1219.444,2.213799938,-16.36384243,-179.2897238
83,721.9445,378.3552,1249.104,-0.680535352,-15.92068198,179.970071
83.1,720.1373,383.419,1280.528,-3.987551681,-15.60050756,179.5879187
83.2,719.9802,390.1661,1315.328,-7.551204179,-15.22371694,179.1854735
83.3,722.1824,398.7864,1352.019,-11.36439,-14.6527866,178.9824941
83.4,725.6846,408.2604,1390.413,-14.47927799,-13.73532468,178.4099
83.5,730.5441,418.735,1427.161,-18.45953409,-13.60029306,178.3645283
83.6,734.8351,428.7885,1462.181,-21.54960707,-13.43889838,178.2910686
83.7,739.5884,438.4605,1495.654,-24.71052064,-13.47903647,178.1626199
83.8,746.0184,447.8626,1525.733,-27.88333873,-13.63782632,177.9457326
83.9,754.3591,456.5199,1549.518,-30.91976423,-13.70995039,178.1269532
84,764.0655,458.3584,1561.456,-32.32386847,-13.2950205,179.6215807
84.1,774.5246,451.6944,1560.968,-31.76578701,-12.58680598,-178.9247694
84.2,783.3059,439.7985,1549.475,-30.06194999,-12.33943446,-177.6828389
84.3,788.0325,427.6388,1532.724,-27.96959491,-12.76043276,-176.817346
84.4,788.3781,416.4122,1513.013,-26.00267671,-13.39763686,-176.3371256
84.5,786.3289,405.4403,1487.765,-21.82894122,-13.77464448,-175.6948117
84.6,782.3033,394.1641,1458.309,-18.44727663,-14.80475581,-175.2027488
84.7,778.6548,381.9982,1423.896,-14.74435506,-15.74026204,-174.4075654
84.8,776.6969,370.6347,1387.857,-10.84332867,-16.43349996,-174.2079871
84.9,777.8998,360.016,1349.693,-7.521914598,-17.08775051,-172.1452414
85,780.8849,349.4884,1310.853,-4.135811744,-17.78833453,-172.7474533
85.1,785.749,340.7766,1271.22,-0.663251732,-18.23389839,-172.6454524
85.2,791.6815,334.5551,1231.898,2.50465455,-18.66008059,-172.8131814
85.3,797.33,331.7386,1198.19,5.094180546,-18.76342739,-173.6786354
85.4,800.6021,331.6452,1167.141,7.824783382,-19.19966379,-174.4053986
85.5,801.5448,334.0847,1142.738,10.79465042,-19.42632849,-175.6811846
85.6,803.8982,337.9462,1127.651,13.17652825,-19.31644322,-176.6095196
85.7,810.1204,342.619,1123.686,14.28264984,-18.70751185,-176.9886836
85.8,817.05,347.379,1132.74,13.18117014,-17.48718081,-177.2518753
85.9,823.2423,351.7246,1152.993,10.39487777,-16.07009991,-177.5887798
86,827.354,354.9143,1177.727,8.04385032,-14.70894858,-178.4283277
86.1,827.1149,357.7881,1203.084,6.186390864,-13.54914439,-179.176612
86.2,826.0795,362.3416,1234.798,2.13971225,-13.0181455,179.9713888
86.3,824.1077,366.8913,1269.09,-1.238118387,-12.6892194,179.3672038
86.4,820.2939,372.0434,1305.106,-4.351225756,-12.63213402,178.8172332
86.5,817.1153,378.5933,1341.922,-8.41819988,-12.98472281,178.7470773
86.6,816.4415,385.429,1381.197,-11.43668856,-12.39579969,178.2485051
86.7,820.7954,394.2393,1422.099,-15.18504251,-12.04552426,178.3925508
86.8,828.1706,405.5327,1462.466,-19.1969251,-11.59091737,178.1926271
86.9,837.3283,417.9884,1500.648,-22.77334453,-10.84144477,178.1377127
87,846.7696,429.3918,1532.93,-26.00816735,-10.44856469,178.1830441
87.1,856.3734,440.4748,1558.913,-29.40203486,-10.3892671,177.9134545
87.2,867.2395,445.1786,1574.303,-31.57707178,-10.17038219,179.4986701
87.3,875.0864,438.6885,1575.896,-31.08335643,-9.858777078,-179.3263602
87.4,879.9024,425.7726,1565.779,-28.55269538,-9.287140402,-178.3826876
87.5,881.9709,412.8224,1546.144,-26.03375257,-9.701914426,-177.318801
87.6,882.0932,401.4809,1522.612,-22.80946221,-9.702368241,-176.2016414
87.7,881.3959,392.3509,1494.837,-19.97599457,-10.24181606,-175.0418809
87.8,881.4021,384.9062,1464.197,-17.3271608,-11.06782348,-174.0290168
87.9,881.285,375.606,1429.353,-13.56014087,-11.71413101,-173.5182195
88,880.2906,365.6289,1392.511,-9.512327445,-12.26134577,-173.214954
88.1,879.4261,357.1495,1354.816,-6.795167564,-13.38476697,-172.5830186
88.2,879.3984,348.5234,1316.09,-3.823910665,-14.30603272,-172.8749708
88.3,879.6351,340.876,1277.414,-1.097767651,-15.29680918,-172.8950696
88.4,881.603,335.4974,1238.968,1.117946218,-15.99485104,-172.8817486
88.5,884.9722,332.9113,1204.051,3.578859989,-16.142992,-173.4344622
88.6,890.9401,333.2816,1169.6,5.136297744,-16.1700954,-173.3703813
88.7,896.9421,335.9656,1139.772,7.055893711,-15.77525268,-174.2577294
88.8,901.6462,340.4418,1116.927,9.217078142,-15.03318139,-175.0976438
88.9,905.6827,347.5082,1102.696,10.50202576,-14.27143523,-176.1022668
89,909.41,355.865,1099.075,10.11316367,-13.32958904,-177.0408461
89.1,912.5401,364.2966,1107.754,7.301354569,-12.44524573,-179.3603069
89.2,916.0253,371.1354,1124.342,3.572062672,-11.99091599,178.8916615
89.3,916.895,374.9946,1143.879,0.796773637,-10.98473407,178.2548393
89.4,916.1344,377.5108,1167.505,-2.079301656,-10.20242547,177.2480476
89.5,912.7541,381.5134,1197.251,-5.683524696,-9.923469043,177.0688321
89.6,908.7466,386.0945,1231.833,-9.294951962,-9.536460496,176.6588285
89.7,904.8027,391.5977,1271.836,-12.23402753,-8.644885537,175.974369
89.8,900.8666,399.9909,1313.411,-15.80392364,-8.04819359,175.3723302
89.9,898.5369,409.7597,1355.611,-18.81780478,-7.017776204,174.7052628
90,896.9962,418.3355,1395.784,-20.83496742,-5.761721342,174.0112741
90.1,897.1508,426.843,1434.246,-23.04948679,-5.159361176,173.6831206
90.2,899.0991,436.8185,1471.34,-25.95595492,-5.133542738,173.5273335
90.3,901.7858,446.147,1504.608,-28.68005535,-5.500202152,173.7060381
90.4,904.3548,452.7932,1533.679,-31.2285271,-6.215791621,174.0706083
90.5,909.8298,455.5858,1554.522,-32.31776975,-5.899250456,174.4742792
90.6,920.7889,454.7881,1563.322,-32.86562423,-5.551229232,175.8171336
90.7,934.0641,450.1878,1562.245,-32.43966744,-5.274764248,177.2071882
90.8,943.9149,442.1737,1552.377,-30.66726848,-5.093091904,177.9697865
90.9,952.817,432.6698,1535.167,-29.49641692,-5.780978786,-179.9042129
91,960.7357,424.9969,1516.512,-28.30981155,-6.734568865,-178.7245113
91.1,969.2249,418.9254,1496.938,-26.8952131,-7.355660755,-177.5388529
91.2,979.0603,412.9207,1472.415,-25.40390061,-8.166489068,-175.7582668
91.3,988.9857,406.6824,1444.684,-22.68278491,-8.398147561,-174.1672779
91.4,997.5901,401.6048,1413.733,-20.40971846,-9.311629283,-173.3142482
91.5,1004.079,396.4098,1381.635,-18.02095763,-10.4264971,-172.6429956
91.6,1007.349,389.7997,1349.195,-15.20273615,-11.5633223,-172.2856999
91.7,1009.97,380.2982,1315.256,-11.66241728,-12.53348697,-171.9862474
91.8,1011.15,369.4445,1279.448,-7.30961174,-13.54136828,-172.4038529
91.9,1010.776,356.1199,1242.911,-1.786632929,-13.77044672,-172.4727456
92,1009.425,342.4227,1207.558,4.119901796,-14.22878024,-173.5430498
92.1,1006.288,331.5996,1176.109,9.80253573,-14.73139292,-174.6984158
92.2,1004.682,325.7667,1150.605,14.55601908,-14.88502375,-176.1679899
92.3,1010.71,326.4015,1139.872,15.74952699,-14.50274875,-176.3733405
92.4,1022.468,331.1914,1143.523,15.19369859,-13.47719357,-176.0908742
92.5,1033.938,338.472,1161.877,11.5737156,-12.62549987,-175.4628449
92.6,1038.749,346.2572,1189.73,7.487842078,-12.25498983,-175.068203
92.7,1038.673,354.1326,1221.635,3.21783693,-12.18316528,-174.7988561
92.8,1037.327,360.4304,1254.23,-0.561598019,-11.93234364,-175.1314991
92.9,1038.125,364.1661,1287.971,-3.61623361,-10.9991465,-175.546855
93,1041.277,367.0325,1324.459,-6.860302615,-9.745370177,-175.5442339
93.1,1045.483,370.6761,1364.071,-10.61195621,-8.198021318,-175.6023916
93.2,1047.762,375.5356,1405.438,-13.9041453,-6.641169673,-175.7767759
93.3,1048.886,383.2359,1446.346,-17.87475024,-5.61485435,-176.0936824
93.4,1048.292,393.5971,1486.387,-21.71536006,-5.194533426,-176.3581365
93.5,1045.978,403.9313,1523.08,-25.19424439,-5.378670151,-177.0868073
93.6,1043.095,413.0842,1555.752,-28.1360262,-5.707917082,-177.5686052
93.7,1040.286,419.4806,1582.539,-30.51232261,-6.294864075,-178.0330527
93.8,1040.36,422.9731,1601.55,-32.09081696,-6.457604264,-177.9264318
93.9,1044.744,422.5608,1610.962,-32.69429077,-6.263860968,-177.2768283
94,1052.778,418.9088,1610.871,-32.18934233,-5.600133743,-176.5818369
94.1,1064.176,414.9753,1601.899,-31.65111693,-5.049041334,-175.4363446
94.2,1077.568,411.1676,1584.835,-30.52839629,-4.50723136,-174.231947
94.3,1089.041,407.7599,1560.13,-28.81031583,-4.106214277,-172.5625843
94.4,1098.098,404.3831,1531.84,-26.55816171,-4.22277176,-171.8575513
94.5,1106.152,401.1231,1501.521,-24.57216332,-4.717689797,-170.9371216
94.6,1113.606,397.2222,1468.449,-22.14276965,-5.557899347,-170.3564027
94.7,1121.465,394.2827,1432.303,-20.74146918,-6.85554758,-169.9009294
94.8,1129.343,390.2585,1394.987,-18.84058377,-8.051997348,-169.5671841
94.9,1134.885,385.2807,1351.969,-16.12802032,-9.717854424,-169.982964
95,1139.132,380.4514,1306.823,-13.42486169,-11.29892997,-170.776029
95.1,1142.594,375.8146,1260.693,-10.60188584,-13.00023157,-171.7903814
95.2,1145.187,369.6737,1214.517,-6.514777594,-13.84579042,-172.9849959
95.3,1147.015,364.7584,1171.512,-2.961292934,-14.64402846,-172.7042969
95.4,1146.094,362.1054,1132.307,-0.529741024,-15.74134935,-175.0149985
95.5,1142.154,361.3232,1099.162,3.528097706,-15.99713463,-176.4403161
95.6,1140.436,363.643,1071.266,5.277682743,-16.13256706,-176.1405283
95.7,1143.734,366.4151,1052.948,6.2121693,-15.41124231,-176.0345049
95.8,1151.8,369.2176,1046.923,5.639740079,-14.23569061,-175.4548559
95.9,1157.655,371.5239,1055.044,4.272633025,-13.13020265,-176.1777509
96,1158.718,373.6366,1071.517,2.859438518,-11.99503726,-177.642223
96.1,1157.848,376.5168,1095.423,0.73981451,-11.0349993,-179.8484683
96.2,1158.117,380.7478,1124.942,-1.917581201,-10.14562752,178.1082376
96.3,1160.055,386.5955,1158.062,-4.808437306,-8.934364807,175.4324097
96.4,1161.844,393.8137,1194.228,-7.957255295,-7.8940697,173.32042
96.5,1163.006,403.397,1230.28,-12.13679478,-7.201701431,173.5565019
96.6,1163.916,412.7526,1265.083,-16.36391225,-7.363300462,172.2959733
96.7,1165.44,419.7242,1302.103,-18.81032482,-6.353573443,171.3162808
96.8,1166.408,425.7913,1338.693,-21.2912155,-6.245798369,170.2800209
96.9,1167.441,432.4009,1377.074,-23.66415615,-6.560504258,168.9178453
97,1169.513,438.2141,1415.424,-26.29488823,-6.929823,168.1733234
97.1,1175.696,445.1228,1450.646,-29.06038035,-7.194264631,167.8484435
97.2,1186.338,452.8378,1478.383,-30.85618771,-7.13130084,167.8109626
97.3,1200.997,460.6817,1498.613,-32.88081382,-6.984495081,168.4419353
97.4,1217.156,468.224,1513.351,-34.96257949,-7.468638914,169.420472
97.5,1231.545,467.0762,1515.947,-34.98190378,-7.373255268,170.919176
97.6,1240.142,455.845,1506.33,-32.71292631,-7.625544107,171.587536
97.7,1243.041,441.4044,1488.371,-30.05185408,-8.605600562,172.7073237
97.8,1243.75,428.458,1469.963,-27.28404561,-9.629590622,173.7704973
97.9,1246.133,417.3396,1451.487,-24.16336308,-9.766414496,174.4605912
98,1250.206,410.2703,1433.348,-22.20738572,-10.86400224,175.4364284
98.1,1253.707,404.4671,1415.437,-19.85742152,-11.5310023,176.0080904
98.2,1256.304,397.8792,1394.2,-17.42173926,-11.64115622,-179.87439
98.3,1259.345,388.6172,1368.707,-13.45125505,-11.95605669,175.7548249
98.4,1258.303,378.3464,1338.496,-9.890719289,-12.56613115,175.4304319
98.5,1252.067,366.4906,1304.57,-5.520015426,-13.23140822,175.2191173
98.6,1244.769,354.3308,1268.798,-0.910529027,-13.52181145,174.082624
98.7,1238.134,343.4046,1233.709,3.601155297,-13.52114354,173.5861013
98.8,1233.976,333.7594,1199.983,9.004808783,-12.45406127,173.161525
98.9,1231.405,328.0255,1168.799,13.38528111,-11.82076357,173.8112916
99,1230.629,327.7004,1145.7,15.73403106,-11.72184151,173.8336414
99.1,1232.413,331.2631,1128.898,17.31971415,-11.51109723,174.9267042
99.2,1237.573,335.6643,1121.305,17.67382226,-11.16362608,175.7720994
99.3,1244.862,340.3181,1125.636,15.83839191,-10.58344589,176.5362168
99.4,1250.811,344.2601,1137.555,13.46978092,-9.894331206,176.6093887
99.5,1253.31,347.2189,1156.995,10.16653433,-9.278224568,175.7063303
99.6,1252.57,348.9805,1179.32,7.36619612,-8.773322531,174.724188
99.7,1250.964,350.9063,1206.343,3.749215406,-8.36546654,173.9874534
99.8,1250.353,353.3942,1237.276,0.045906468,-7.735783044,172.9858829
99.9,1251.255,357.3093,1270.715,-3.611314415,-6.94124059,172.4171741
100,1252.655,363.6672,1304.569,-7.920498722,-7.13297796,172.52292
100.1,1253.293,370.1641,1337.467,-11.10474115,-6.960574742,171.0021211
100.2,1255.724,375.7765,1372.491,-13.61272156,-6.214544609,170.2855947
100.3,1259.632,382.7084,1408.088,-16.96551681,-6.33083788,169.9490333
100.4,1263.925,391.0841,1445.141,-19.79867385,-6.114407614,169.5915845
100.5,1269.93,401.025,1479.315,-22.78035408,-6.344202873,168.4817
100.6,1277.223,409.6466,1509.835,-25.27857729,-6.537794687,168.0659698
100.7,1284.392,415.7104,1536.349,-26.74964083,-6.55856116,167.4274319
100.8,1290.533,421.0048,1559.885,-28.1348047,-6.866339074,167.0101783
100.9,1297.659,424.9879,1576.909,-29.2685448,-7.318888342,168.1019849
101,1305.393,423.078,1582.69,-29.04420377,-7.186943268,169.517503
101.1,1313.297,415.368,1577.735,-27.45459167,-6.905682783,170.5065927
101.2,1321.029,405.391,1566.083,-25.79332828,-6.930788585,172.5581032
101.3,1327.203,394.5325,1548.896,-23.38482144,-7.298413088,173.39839
101.4,1331.282,382.5074,1526.351,-20.36311288,-7.150471938,175.0413215
101.5,1334.004,372.1292,1499.617,-16.91686098,-7.379411851,176.1553629
101.6,1335.488,363.532,1468.251,-14.40357717,-8.651901895,178.0171887
101.7,1335.316,355.6487,1435.365,-10.53549259,-9.317410448,179.2065181
101.8,1335.588,348.9217,1401.315,-6.192573413,-9.177024446,178.7135968
101.9,1336.358,342.1049,1363.119,-2.042785775,-10.18800149,179.5735048
102,1336.97,336.3692,1323.087,2.687751975,-10.03087532,179.1861349
102.1,1339.63,333.9102,1281.835,4.87064604,-11.96046354,-178.4504664
102.2,1343.878,333.8444,1241.643,7.790621829,-12.33732316,-177.9043918
102.3,1349.005,334.277,1202.491,11.26223803,-12.42629934,-177.7404392
102.4,1352.684,335.7023,1167.139,14.73426952,-12.47136584,-177.6446197
102.5,1354.542,338.4754,1140.537,16.92266295,-12.82517446,-176.8897616
102.6,1356.368,342.6324,1125.159,17.81739911,-12.91098946,-176.6757739
102.7,1361.038,347.5495,1124.685,16.01243936,-12.1551467,-176.6826624
102.8,1366.899,351.424,1136.485,12.80556639,-11.06272961,-176.6782319
102.9,1370.996,352.9831,1155.85,9.368591855,-10.01763338,-176.9347781
103,1372.481,353.027,1178.518,6.330308657,-8.417948299,-177.9331957
103.1,1371.52,352.5475,1202.852,3.291753422,-6.991312656,-179.3933936
103.2,1370.303,353.2789,1232.522,-0.939437498,-6.375916405,179.9409398
103.3,1367.813,355.6718,1263.852,-4.902105213,-5.589285219,178.6581183
103.4,1364.175,361.8363,1295.777,-8.803823599,-5.065208187,177.7751173
103.5,1359.415,370.3971,1326.895,-11.72348132,-4.768120587,176.2855871
103.6,1356.245,382.1183,1357.285,-14.90297536,-4.658546986,175.3314104
103.7,1357.18,396.7688,1389.374,-18.64902783,-4.451676048,174.2979629
103.8,1359.834,410.7986,1421.9,-21.58686115,-4.309753566,173.6003715
103.9,1363.849,423.5385,1452.679,-24.51795293,-4.427491339,172.7583256
104,1369.354,434.2088,1480.874,-27.32611936,-4.576931258,172.5497187
104.1,1376.237,439.9174,1503.67,-28.81490345,-4.644710516,172.4273358
104.2,1385.187,440.6926,1517.65,-29.29731312,-4.412334292,172.7863393
104.3,1396.17,437.502,1521.602,-29.20389995,-4.291294795,174.1368185
104.4,1407.698,429.6483,1516.896,-27.64748673,-4.095094958,175.2644586
104.5,1418.404,418.5797,1505.514,-24.7280145,-3.5010215,176.4571354
104.6,1427.952,408.5302,1488.094,-22.14297342,-3.696915974,177.4822617
104.7,1436.554,398.6667,1464.569,-19.34699695,-4.250490247,178.7837007
104.8,1444.134,389.9667,1436.046,-16.70682734,-5.079854495,-179.5313103
104.9,1450.231,380.0173,1402.165,-12.97869951,-5.918665519,-178.7556819
105,1453.846,368.9198,1364.334,-8.437935968,-6.918005778,-178.8184624
105.1,1455.607,358.4836,1325.363,-5.664027461,-8.687157813,-176.9825336
105.2,1456.66,349.9745,1286.357,-3.082274568,-10.84247905,-176.0017869
105.3,1455.495,344.0648,1247.873,0.879708193,-12.03722918,-177.1593477
105.4,1455.818,341.0445,1206.999,4.524555554,-13.08661988,-176.8866488
105.5,1456.632,341.82,1167.752,7.962547088,-13.75037959,-176.859318
105.6,1459.087,345.57,1133.335,11.64844332,-13.5835314,-177.208864
105.7,1465.971,353.2775,1106.453,14.41028068,-12.65127269,-177.1151868
105.8,1474.971,363.398,1097.407,14.13402373,-11.39362509,-176.7029974
105.9,1480.835,373.0457,1103.897,11.86241041,-10.11024333,-176.6874405
106,1481.689,379.1574,1120.935,9.1386592,-8.880800664,-177.7311796
106.1,1478.569,381.4047,1141.729,6.864125667,-7.779977801,-179.259083
106.2,1475.693,382.6153,1164.553,3.770915707,-6.982926375,-179.9152535
106.3,1473.218,385.069,1190.404,0.653576137,-5.984945156,178.2285693
106.4,1471.403,388.5152,1218.743,-2.716335023,-5.155424215,176.8826296
106.5,1469.663,391.4371,1248.323,-5.494963388,-4.091815504,175.7920201
106.6,1468.607,393.1456,1277.838,-8.048112818,-3.515480124,174.6100713
106.7,1468.096,395.3705,1308.322,-11.0735543,-3.370822671,172.8383095
106.8,1468.282,399.9591,1341.172,-14.05852538,-3.45118569,171.3729796
106.9,1468.704,406.2993,1375.888,-16.51222219,-3.221135175,170.1478498
107,1470.489,412.8936,1409.494,-18.11717984,-3.001580185,167.9956001
107.1,1474.238,420.073,1440.769,-20.42021569,-3.689152789,167.2348145
107.2,1479.937,426.4141,1472.342,-22.67052401,-4.378065042,167.1364525
107.3,1488.162,431.4214,1501.894,-24.1949126,-4.245101942,167.2166183
107.4,1500.303,436.0359,1528.198,-25.79728165,-4.241131086,168.0708915
107.5,1516.296,441.2615,1550.657,-28.24598985,-5.225414364,169.8086321
107.6,1532.042,442.734,1566.583,-30.30453335,-6.569417072,171.5824944
107.7,1544.376,435.7515,1571.605,-29.77495174,-6.778364768,173.0400214
107.8,1554.063,423.7808,1565.123,-27.95389769,-6.980489324,174.0307379
107.9,1564.149,411.7385,1551.978,-26.07500991,-7.483494574,175.519969
108,1573.778,401.1734,1535.298,-24.10466672,-7.612324843,178.01068
108.1,1583.397,392.3121,1514.185,-21.6924746,-7.812084921,178.9145537
108.2,1590.375,385.3823,1489.101,-19.26237118,-8.353462861,-179.9903062
108.3,1593.611,379.2469,1461.638,-17.02078017,-9.314830311,-178.5921304
108.4,1594.721,372.5959,1429.857,-14.46404831,-10.03552455,-177.4348353
108.5,1595.074,365.1394,1395.076,-11.4968059,-10.6136044,-177.2332358
108.6,1595.029,358.5888,1358.207,-8.616068478,-11.2097472,-176.7494337
108.7,1593.223,352.2149,1319.534,-5.051245056,-11.51200211,-177.6814789
108.8,1590.763,346.7348,1279.756,-2.329553531,-11.88092699,-177.6573395
108.9,1587.284,341.5847,1237.257,0.904795264,-12.34403117,-178.1762048
109,1585.697,337.4234,1194.45,4.604884329,-12.06760507,-177.8036996
109.1,1585.234,334.8828,1154.003,8.832771382,-11.4634751,-178.2048182
109.2,1583.906,335.3575,1118.577,12.86020295,-10.83160612,-179.1338833
109.3,1584.693,338.8072,1093.254,15.56675944,-10.17203796,-179.2453328
109.4,1590.635,344.9676,1081.755,15.33944949,-9.2961129,-178.632591
109.5,1597.376,352.5098,1084.153,12.90904572,-8.015364605,-178.1733338
109.6,1601.4,360.3948,1097.611,8.75217958,-6.829178725,-178.8825184
109.7,1600.891,366.3543,1114.175,5.839661518,-5.95593287,179.7775584
109.8,1599.156,369.9247,1129.92,4.014118166,-4.868748397,178.5932351
109.9,1598.509,373.4522,1150.151,1.132654908,-4.121760879,177.4895576
110,1599.76,376.5121,1174.015,-1.166657954,-3.819361327,174.3632976
110.1,1599.372,379.0025,1198.471,-3.363242501,-5.006563608,174.7178903
110.2,1598.663,381.981,1222.57,-5.292766742,-5.421766584,173.106916
110.3,1596.734,385.9378,1249.221,-7.55593658,-4.644639383,173.8338598
110.4,1594.806,392.2175,1279.734,-10.60565034,-3.13725301,173.0298587
110.5,1594.001,398.799,1312.462,-12.85077356,-3.271412989,170.0645227
110.6,1596.685,405.2856,1347.114,-15.11503477,-4.375483175,169.0979847
110.7,1602.344,409.4608,1384.339,-16.73250685,-4.598299102,168.3091405
110.8,1612.25,412.8055,1422.133,-18.49723477,-4.936737465,168.3430232
110.9,1624.629,416.3359,1457.88,-20.58127274,-5.47272376,168.9919355
111,1636.454,418.686,1492.869,-22.22910785,-5.996062074,169.3346399
111.1,1646.576,421.3025,1526.856,-23.83288361,-6.829051477,169.7309772
111.2,1656.164,425.431,1560.76,-25.9860513,-7.954749047,170.5775048
111.3,1667.402,428.2977,1588.609,-27.35501442,-8.222580705,171.9482687
111.4,1681.989,425.4888,1602.788,-27.15635577,-7.499077572,173.5765028
111.5,1696.014,417.1032,1603.387,-25.88936099,-7.28490763,175.0498003
111.6,1705.988,406.2392,1592.717,-23.78857988,-7.650288674,176.3119646
111.7,1711.689,394.9019,1574.941,-21.14035468,-8.142905289,178.0273488
111.8,1715.535,384.7529,1552.886,-18.62246381,-8.54975827,179.2201348
111.9,1719.579,375.9117,1525.35,-15.82876073,-8.9437986,-179.7950805
112,1722.847,369.2898,1495.791,-13.4953088,-9.536767184,-178.9005905
112.1,1726.866,364.6723,1466.831,-11.76254077,-10.10561893,-177.9432152
112.2,1730.713,361.0465,1436.384,-10.51300773,-10.8561013,-177.3893336
112.3,1734.935,356.878,1403.628,-9.010365304,-11.15512215,-176.6104912
112.4,1737.406,350.6449,1367.692,-6.243716201,-10.82937537,-176.9181251
112.5,1738.922,342.374,1329.19,-3.371750542,-10.63287447,-177.2392662
112.6,1739.924,335.0167,1290.605,-1.892313096,-10.98785537,-177.0564063
112.7,1737.831,328.7948,1251.625,0.227956345,-11.02888085,-177.6223643
112.8,1732.566,325.0961,1212.369,2.831964703,-10.79085158,-178.5697536
112.9,1725.425,323.804,1173.429,5.666592272,-10.23663847,-179.509819
113,1716.35,324.5975,1136.414,9.217057589,-9.252332193,179.1138117
113.1,1707.44,327.9852,1104.811,12.43660054,-8.18768577,178.3536354
113.2,1702.815,335.1659,1083.834,13.96795518,-6.916395547,178.2175406
113.3,1704.257,344.1884,1073.578,13.68072962,-5.643232322,178.2951811
113.4,1709.934,352.6379,1070.625,12.61395969,-4.459358759,178.4379108
113.5,1713.485,357.9901,1077.568,10.39834124,-4.140902795,178.0065025
113.6,1714.709,360.979,1089.826,8.0607554,-4.804267147,176.5543244
113.7,1716.997,364.1172,1107.003,5.09823251,-4.656165374,175.5311393
113.8,1721.134,368.6371,1128.579,1.646802019,-3.979667098,174.6181957
113.9,1724.363,372.4657,1150.497,-0.790385151,-3.567903433,172.9822634
114,1726.596,375.3604,1172.854,-2.9615979,-3.069680951,173.4372878
114.1,1727.685,379.4207,1196.287,-4.874367478,-2.342800573,171.9413239
114.2,1727.264,383.8411,1223.27,-6.743288384,-1.671712706,170.2105458
114.3,1725.858,388.0087,1254.16,-8.686313926,-1.180723965,168.4746372
114.4,1724.623,390.9413,1288.027,-10.57075406,-1.891028176,167.3346101
114.5,1725.965,392.1092,1322.137,-11.65989691,-2.891115654,166.2855695
114.6,1730.663,392.2399,1356.3,-12.43532921,-3.87638861,165.842338
114.7,1736.96,390.6507,1393.722,-12.86681334,-4.038630012,166.1492598
114.8,1743.838,389.1667,1431.158,-13.53872222,-4.623272845,166.7690794
114.9,1752.194,390.1158,1470.298,-15.06289384,-6.032317971,167.8765527
115,1761.773,392.8134,1510.702,-16.96725299,-7.129964582,168.5959494
115.1,1772.863,395.0241,1549.584,-18.40751579,-7.252367293,169.2297241
115.2,1785.969,397.4728,1584.932,-20.20431115,-7.61024417,170.356911
115.3,1800.022,401.7668,1617.384,-22.3970107,-8.120210994,171.7668457
115.4,1812.682,406.191,1641.862,-24.56593733,-8.948249796,172.0633573
115.5,1822.809,407.0368,1653.183,-25.45328724,-8.97303485,174.2384087
115.6,1833.136,404.4032,1650.694,-24.91935874,-8.592105771,176.0255644
115.7,1843.954,400.3675,1637.638,-23.58077872,-7.96305853,177.3383784
115.8,1851.317,396.76,1619.621,-22.18988247,-7.836964899,178.2610213
115.9,1851.94,393.5278,1597.508,-21.04383623,-8.5079548,179.0588107
116,1849.845,391.0675,1575.003,-19.76751168,-8.879151447,178.9613311
116.1,1849.668,388.1281,1551.097,-18.65861346,-8.775261616,-179.6414105
116.2,1852.105,384.891,1522.903,-17.87011652,-8.811511237,-178.3837538
116.3,1856.221,381.7024,1493.477,-17.13827453,-8.442048579,-177.22932
116.4,1857.955,378.9858,1463.738,-16.10607453,-8.205468947,-177.1423187
116.5,1855.87,376.7763,1431.367,-14.7232448,-8.35580678,-177.1534212
116.6,1852.308,374.8755,1398.642,-13.18097254,-8.153681784,-176.798381
116.7,1848.764,372.7482,1365.673,-11.87888299,-7.866390947,-176.4469365
116.8,1846.367,370.3055,1331.403,-10.90601856,-7.507441375,-175.6194311
116.9,1842.981,366.3315,1294.485,-8.780013509,-6.857991421,-175.8222317
117,1838.906,361.8517,1255.366,-6.529254266,-6.271164312,-175.4139197
117.1,1832.339,356.7524,1215.29,-3.987450846,-6.168695571,-175.6198548
117.2,1823.4,351.1176,1175.414,-1.188698358,-6.151654288,-175.8718566
117.3,1812.913,344.7026,1138.166,2.064886826,-6.251665225,-176.5000215
117.4,1804.273,338.4809,1104.309,5.455132205,-6.171601465,-176.8250843
117.5,1800.98,334.0258,1075.653,8.604461415,-5.653121614,-177.147849
117.6,1803.65,333.0833,1052.844,10.72942647,-4.994624033,-176.5564638
117.7,1812.562,336.9857,1041.404,11.09385361,-3.864558593,-176.19822
117.8,1822.877,343.9856,1043.77,9.42284891,-2.501847703,-176.6647271
117.9,1831.418,350.3285,1053.898,6.774589044,-1.731295247,-176.4735541
118,1836.061,354.787,1068.467,5.037764707,-1.153231384,-177.6486483
118.1,1838.012,357.6558,1085.849,3.444035116,-1.112435462,-178.7550525
118.2,1840.76,359.7195,1107.352,1.368040129,-1.304992408,179.8391277
118.3,1845.559,360.6045,1130.962,-0.507289231,-1.355336275,178.7668995
118.4,1852.168,360.5398,1156.152,-2.158611511,-1.695222234,177.4365911
118.5,1858.631,360.568,1183.856,-4.098102518,-2.576684896,178.2836157
118.6,1864.513,360.118,1213.363,-5.015652283,-2.612159946,176.4226094
118.7,1867.364,361.6706,1245.759,-6.794430206,-1.28003485,175.5241988
118.8,1867.074,363.4424,1277.854,-7.400127167,-1.531344061,173.4494022
118.9,1867.14,366.0764,1311,-7.927597172,-2.733686464,173.1182306
119,1868.877,367.8858,1347.044,-8.169250427,-3.49045501,172.4335414
119.1,1872.986,368.9937,1386.474,-8.357809918,-4.243166119,171.0550548
119.2,1877.343,367.757,1429.866,-8.352301432,-4.651931998,169.4825583
119.3,1881.082,365.2619,1474.458,-8.533767945,-5.234754166,168.6342399
119.4,1885.875,363.6794,1520.449,-9.718846357,-5.869387391,168.6135937
119.5,1894.386,364.5298,1560.367,-12.15341532,-7.421315613,169.9420088
119.6,1905.105,366.4075,1596.922,-14.63756824,-8.180699707,171.756035
119.7,1918.812,369.1036,1630.568,-17.12636076,-8.130019685,173.8324204
119.8,1933.764,372.9769,1658.108,-20.19361537,-8.6770524,174.8053464
119.9,1948.813,377.8314,1679.149,-23.23933967,-9.406825173,175.9845318
120,1958.819,376.0588,1686.201,-23.43778132,-8.801641262,176.9407959
120.1,1964.548,369.9384,1677.95,-21.7859615,-7.96946548,177.744246
120.2,1969.802,364.1311,1658.129,-20.19683392,-7.636706806,178.9484449
120.3,1974.306,361.6584,1633.196,-18.5358885,-7.684842331,-179.8660489
120.4,1978.505,360.3725,1602.75,-16.43366582,-7.254093775,-179.259178
120.5,1983.606,360.2299,1569.917,-14.95859475,-7.322693748,-178.5814658
120.6,1987.097,359.4775,1537.364,-13.46204452,-7.621844578,-179.1813612
120.7,1987.936,357.6845,1504.841,-11.91642906,-7.909075909,179.9198546
120.8,1987.767,355.2638,1470.26,-10.86385157,-8.527568346,179.9138643
120.9,1987.12,352.1194,1434.385,-9.974255365,-8.961646539,-179.7997413
121,1987.214,348.9235,1395.932,-8.514475671,-8.815430163,-179.2901394
121.1,1986.997,345.8953,1353.269,-6.629349457,-8.59926524,-179.3577948
121.2,1985.548,342.5445,1307.872,-4.52213728,-8.247684391,-179.4131238
121.3,1982.744,339.5768,1263.565,-2.710723974,-7.843999596,-179.4112261
121.4,1977.401,335.8839,1219.33,-0.297647968,-7.291441136,-179.8338261
121.5,1968.64,332.3457,1177.463,2.223793162,-6.869579476,179.2387468
121.6,1958.958,330.0064,1138.719,4.857803551,-6.40101343,178.6929942
121.7,1950.297,329.3398,1102.68,7.998629412,-5.421092535,178.0624017
121.8,1945.934,331.6491,1072.849,10.89077708,-4.173981197,177.8463465
121.9,1948.342,339.0136,1052.112,11.6306863,-2.982685698,178.2030413
122,1953.726,349.4367,1043.106,10.1812422,-2.039778674,178.2360494
122.1,1959.093,359.0551,1044.21,7.775727703,-1.509599695,178.0938283
122.2,1964.282,366.7823,1052.651,4.713715807,-1.333936167,177.6842334
122.3,1968.444,371.5308,1063.223,2.286920176,-1.729039525,176.8792596
122.4,1972.866,373.4431,1076.536,0.353462798,-2.440395393,175.7469361
122.5,1977.071,374.415,1093.948,-2.090713178,-2.428863052,175.1638358
122.6,1980.5,377.2568,1115.863,-4.804003706,-2.084932077,174.1338103
122.7,1984.271,382.0785,1140.084,-7.193261244,-1.240890324,173.6079814
122.8,1988.823,388.5725,1165.354,-9.227907637,-0.415183816,172.1644119
122.9,1992.576,396.8703,1194.44,-11.42007601,-0.114350203,171.010485
123,1993.227,404.6945,1224.861,-13.23732861,-0.522324323,169.7099103
123.1,1991.418,409.1549,1255.765,-13.97883377,-1.086991964,168.7501137
123.2,1990.93,409.9405,1287.25,-13.89678817,-2.015915289,168.3823906
123.3,1994.909,409.4682,1319.778,-14.33367087,-3.231217719,168.4976106
123.4,2002.155,407.0229,1357.282,-14.49378684,-3.762751914,168.6146238
123.5,2011.302,403.5156,1397.517,-15.01584762,-4.456410173,168.845202
123.6,2021.764,400.8117,1439.608,-16.36618874,-5.626334141,169.3568403
123.7,2033.073,397.3778,1483.264,-18.09882139,-6.852058862,170.5494363
123.8,2042.752,393.7312,1524.329,-19.55469451,-8.039487628,170.9478638
123.9,2054.065,391.6317,1562.477,-21.14624765,-9.054633785,171.3040967
124,2069.459,392.324,1593.64,-22.72679705,-9.225370222,172.5389005
124.1,2086.743,397.3456,1619.913,-24.5579601,-9.153004,174.1659229
124.2,2101.829,404.2257,1638.74,-26.13550433,-9.469835665,176.2151217
124.3,2111.483,405.6021,1642.348,-26.12607917,-9.360806498,178.4219231
124.4,2117.399,401.8795,1633.816,-24.34393869,-9.16479682,178.560481
124.5,2119.091,395.3842,1615.909,-22.62502775,-9.264354875,-177.8278527
124.6,2121.159,389.9401,1596.388,-20.35801009,-9.29028029,-178.034811
124.7,2123.805,387.2187,1575.887,-19.01668332,-9.48331647,-177.8918936
124.8,2128.011,385.9481,1555.191,-18.23682054,-9.432290799,-177.1285333
124.9,2133.021,383.7917,1530.605,-16.69343141,-8.903256321,-176.7826228
125,2137.657,380.9237,1503.484,-15.07881397,-8.21873069,-176.6715129
125.1,2139.842,378.7196,1473.319,-13.40065961,-8.007478941,-176.8121176
125.2,2140.383,377.5567,1441.854,-12.05178924,-7.763940652,-176.4537234
125.3,2138.694,377.8302,1410.573,-11.08961313,-8.035803611,-176.3999442
125.4,2135.167,378.0583,1378.095,-9.76956338,-7.955790247,-176.6118336
125.5,2131.207,377.4884,1344.133,-8.299044666,-7.786293901,-176.403694
125.6,2124.958,374.3468,1306.994,-6.019115118,-7.384759665,-176.4257456
125.7,2117.116,370.2458,1265.221,-4.159553597,-7.498211005,-176.1245833
125.8,2107.719,364.9951,1224.337,-1.739704531,-7.451539624,-176.1906265
125.9,2097.092,358.4819,1182.72,1.562204701,-7.085952818,-177.2354622
126,2088.699,353.1008,1143.291,4.56096542,-6.533338895,-177.392911
126.1,2082.794,350.4098,1107.292,7.024148876,-5.953084892,-177.2951774
126.2,2079.654,350.2386,1075.725,9.744528482,-4.909460934,-177.1203672
126.3,2080.51,352.9943,1050.981,11.68734143,-3.826191596,-176.9282467
126.4,2083.25,358.146,1035.827,12.03797347,-2.756886614,-176.4564952
126.5,2087.569,364.307,1036.716,9.56249952,-1.918028072,-177.3730167
126.6,2092.301,369.8322,1048.118,6.642026687,-0.941166067,-178.5371799
126.7,2097.56,374.1699,1061.756,4.055472526,-0.177776037,-179.8553917
126.8,2102.758,377.162,1074.553,1.860616664,-0.006635568,179.7445585
126.9,2105.664,378.2548,1089.821,-0.113591072,-0.013544139,179.0297813
127,2107.689,379.4612,1107.42,-2.118134327,-0.138829686,178.1982347
127.1,2109.021,383.1803,1129.691,-4.8156312,-0.875915272,177.4707209
127.2,2110.344,388.8963,1155.031,-7.430347895,-1.134069582,177.3085822
127.3,2111.9,394.7883,1179.723,-9.376575735,-0.858115843,176.9301567
127.4,2113.922,399.8127,1205.575,-10.6199968,0.114984503,175.3297609
127.5,2116.101,404.4095,1233.997,-12.10567167,0.926262052,174.7223314
127.6,2119.636,407.066,1265.51,-12.58883108,0.183603472,172.7716088
127.7,2123.76,407.8998,1300.505,-13.43072378,-0.808845091,171.9634919
127.8,2128.815,406.1877,1337.362,-13.37271511,-1.140088663,170.9594641
127.9,2135.918,404.7823,1377.751,-14.21004529,-2.085398279,171.0919191
128,2144.448,403.3177,1421.126,-15.36318913,-2.776374326,171.3504637
128.1,2151.638,400.7241,1464.694,-16.30208568,-3.522711768,171.6218174
128.2,2159.173,400.0831,1506.476,-18.45940185,-5.538520719,171.7657004
128.3,2168.8,400.2014,1544.655,-20.98267485,-7.853871586,172.550514
128.4,2179.293,398.465,1578.953,-22.0456024,-8.198465966,173.2920363
128.5,2192.782,397.4869,1609.243,-23.11527495,-7.7393856,174.2152393
128.6,2209.02,400.5755,1633.651,-25.25768273,-7.935088399,176.9751687
128.7,2224.728,403.2224,1647.721,-27.18386858,-8.143085295,-179.7214886
128.8,2236.432,400.2547,1647.256,-26.34644561,-7.804182005,-179.4074842
128.9,2243.103,393.7825,1635.461,-23.96591498,-7.395808351,-179.8736576
129,2245.812,387.2896,1614.754,-22.560373,-7.770532682,-176.1742667
129.1,2250.704,382.8306,1592.577,-20.23821545,-7.764025375,-176.57702
129.2,2257.527,379.6285,1565.787,-17.57454023,-7.655101532,-178.3787255
129.3,2264.963,381.1963,1538.845,-16.67633688,-7.727412253,-178.5345599
129.4,2270.92,385.2389,1512.507,-15.89238966,-7.284256446,-178.988626
129.5,2270.815,387.4665,1483.52,-14.2846529,-6.642191726,-179.4384954
129.6,2266.379,388.5135,1453.151,-13.46356531,-7.094572511,-179.8119191
129.7,2265.844,387.3785,1421.284,-13.34966887,-7.277152911,-179.1736578
129.8,2268.785,383.9832,1384.792,-12.4720179,-6.438288403,-178.8722589
129.9,2269.393,382.522,1344.382,-11.15167728,-5.929930782,-179.1253343
130,2266.573,382.0106,1304.226,-10.45795248,-6.435971314,-179.437763
130.1,2263.89,381.3597,1263.142,-10.20227943,-7.107303605,-179.4211292
130.2,2261.45,377.6641,1221.555,-8.752437446,-6.886106322,-179.6489694
130.3,2259.878,373.8396,1177.388,-6.757878883,-6.333025476,-179.5281305
130.4,2257.483,371.4745,1133.666,-4.965733497,-6.309222832,-179.4680989
130.5,2252.051,368.8386,1092.281,-2.666574193,-6.216233053,179.3705792
130.6,2243.884,366.0799,1053.661,0.668641126,-5.652281141,178.1225104
130.7,2234.723,365.6086,1018.635,4.143594207,-5.462544541,177.1598634
130.8,2227.304,368.6035,991.1009,7.423403266,-5.829843859,176.4408694
130.9,2227.95,375.8574,975.1049,8.396992615,-5.287849791,176.9027739
131,2233.914,385.3236,974.8784,6.350452511,-3.646645812,176.802727
131.1,2241.252,392.3339,985.1097,4.180237128,-2.456023997,177.1098358
131.2,2247.043,395.5224,999.1595,2.256000701,-1.357246128,176.4762748
131.3,2251.914,395.9257,1017.122,-0.409165759,-0.851679885,175.7466904
131.4,2255.863,394.7106,1037.476,-2.222919441,-0.715493619,174.0439664
131.5,2259.444,393.5564,1059.155,-4.261394406,-0.558477421,172.6635422
131.6,2260.47,394.1435,1082.275,-6.536407938,-0.671940979,171.5069091
131.7,2261.193,395.3961,1106.404,-7.734725793,-0.844880589,169.7663586
131.8,2263.938,397.6362,1132.41,-8.917062504,-0.827243904,169.2123062
131.9,2269.267,401.2135,1161.083,-10.37122941,-0.153023215,168.1561467
132,2275.738,405.1744,1193.461,-11.85151678,0.492644734,167.0181761
132.1,2282.242,408.7634,1228.128,-13.07548957,-1.144334412,166.0715078
132.2,2288.169,409.4247,1266.985,-13.59075198,-2.495192663,165.4324404
132.3,2294.991,406.0901,1309.17,-12.72376217,-1.836051016,164.7306926
132.4,2305.387,403.802,1348.911,-13.17292087,-2.784178388,164.7364899
132.5,2314.963,400.4364,1392.229,-13.61533016,-3.744797434,164.6771403
132.6,2322.456,402.1367,1436.755,-14.92243302,-3.855999954,165.0321904
132.7,2324.612,406.3123,1482.006,-15.65136576,-4.601737606,165.260718
132.8,2323.528,406.4398,1525.992,-16.77605818,-6.182220388,165.402884
132.9,2323.474,402.8198,1564.136,-17.48111683,-7.072504219,165.5415691
133,2326.446,404.2776,1598.279,-18.85135574,-7.497209424,165.9104765
133.1,2330.978,410.9258,1626.94,-20.27524962,-6.822995274,166.6172839
133.2,2337.937,415.5446,1645.618,-21.94297517,-6.519134975,167.3403375
133.3,2347.031,415.8448,1649.201,-22.53060375,-5.317028747,168.6032603
133.4,2355.923,416.2942,1641.347,-22.16424679,-3.617533139,169.6351959
133.5,2363.618,420.1252,1627.445,-22.47411752,-2.92956216,170.6092735
133.6,2368.178,422.458,1608.373,-22.55876275,-2.641316962,171.4743712
133.7,2368.702,421.4469,1585.528,-21.9130311,-2.06666935,171.8445588
133.8,2366.978,419.4769,1562.259,-21.2150543,-1.324112762,171.9317207
133.9,2364.146,419.0286,1538.344,-21.19983797,-1.57253142,172.2452106
134,2361.372,416.9326,1512.079,-20.97355173,-1.583838895,172.46718
134.1,2358.199,412.4698,1485.737,-20.09963624,-0.902894749,172.5198468
134.2,2355.531,409.1469,1457.426,-19.48270921,-0.64266659,172.7951631
134.3,2354.192,407.9761,1425.822,-19.04855291,-0.464565847,173.8173717
134.4,2354.065,406.9763,1392.543,-18.41871624,-0.261195737,175.0936633
134.5,2354.508,406.1083,1357,-17.16110784,0.5566997,177.1647153
134.6,2356.423,405.6196,1317.187,-15.87855256,1.040358379,179.1857999
134.7,2358.771,402.9219,1270.837,-13.9071013,0.88017113,179.8727368
134.8,2360.085,396.101,1219.294,-10.91567414,0.490257787,179.3515738
134.9,2360.203,386.6053,1167.114,-7.825674496,0.170308311,179.8375147
135,2358.82,378.6851,1118.678,-4.28178679,-0.134207256,-179.7007498
135.1,2355.359,373.7997,1079.116,-1.602448033,-0.455761661,179.1746156
135.2,2351.463,368.3394,1047.391,1.734018403,-0.796711055,178.3268009
135.3,2349.593,365.7713,1019.081,4.87623099,-2.423251425,176.7662833
135.4,2353.518,367.5305,994.2401,7.593972118,-4.263341295,175.1714683
135.5,2367.027,371.952,978.2968,9.339744012,-4.746830104,174.7069671
135.6,2382.031,379.2615,974.5624,8.55360086,-3.609457853,173.3906157
135.7,2391.62,387.307,981.4706,6.23485127,-2.306230806,171.4215564
135.8,2396.519,394.9828,996.8658,3.106444921,-1.740170039,168.8958452
135.9,2398.233,402.1796,1014.361,0.43150625,-1.383958189,168.8452323
136,2399.887,409.0895,1034.12,-1.969060488,-1.350541284,168.9548758
136.1,2402.692,415.3886,1058.283,-4.42245418,-1.302696093,169.187087
136.2,2406.616,421.3858,1082.545,-6.778026999,-1.252755809,168.9234118
136.3,2410.64,426.1203,1107.889,-8.429078105,-0.467961023,168.7005662
136.4,2414.097,429.1312,1132.867,-10.16743798,-0.078917577,168.3441577
136.5,2417.976,429.9909,1160.841,-12.09154389,0.443446516,167.3444721
136.6,2421.312,430.0215,1191.985,-13.38279097,2.047286873,166.6089309
136.7,2423.093,434.0548,1228.287,-15.92037973,2.364198186,166.0742442
136.8,2423.357,438.5246,1270.281,-16.7361394,1.607822245,165.7942837
136.9,2421.575,444.5757,1315.342,-17.8208517,1.136637093,165.5571097
137,2419.069,450.3155,1362.622,-18.58390371,1.11934354,165.3995887
137.1,2417.615,455.1107,1405.779,-19.29191444,0.773365594,165.8009456
137.2,2418.905,457.0583,1444.409,-19.48634791,1.336620928,166.0905546
137.3,2422.788,458.4366,1481.3,-20.36939989,1.729479973,166.7161195
137.4,2425.104,462.5901,1513.525,-22.21777726,0.643986701,167.5505534
137.5,2424.925,466.8912,1540.304,-23.81333943,-0.198073292,168.6891758
137.6,2427.159,470.7588,1559.482,-24.60093983,0.470019785,169.3857474
137.7,2433.695,475.0782,1564.624,-24.61731079,1.807750245,170.5367341
137.8,2443.383,479.2859,1556.504,-24.87412781,3.646655699,174.9599027
137.9,2455.32,482.4404,1539.618,-24.85151476,4.857353484,176.1047119
138,2460.361,481.3132,1517.282,-24.07679831,4.747333244,176.3553465
138.1,2460.055,475.3904,1491,-22.33470602,4.768132385,176.4352151
138.2,2457.825,468.2878,1458.821,-20.12461662,4.81034212,176.5940405
138.3,2455.805,461.052,1424.036,-17.95837879,4.890694955,176.965378
138.4,2457.66,453.9085,1389.332,-16.31718671,4.825805963,177.958503
138.5,2462.094,445.0153,1355.702,-13.81378969,5.621995206,178.5442078
138.6,2465.917,438.9605,1320.672,-12.49098951,4.950863695,179.2324041
138.7,2469.975,434.3132,1283.185,-12.3717409,4.096774227,179.1386331
138.8,2477.573,426.2071,1243.073,-11.51236754,2.500939145,179.3614789
138.9,2487.144,418.8287,1201.269,-10.34596823,1.382897633,179.4874111
139,2495.198,413.3686,1158.307,-8.958066198,0.727503098,179.5531381
139.1,2502.71,404.6087,1113.574,-6.996345841,-0.541808911,-179.4660108
139.2,2505.879,389.8796,1067.709,-3.82602057,-1.817447233,-179.2637762
139.3,2502.47,372.8099,1025.914,0.326858908,-2.787309534,-178.9735709
139.4,2502.309,363.3866,990.2148,3.41330273,-3.288839274,-177.780141
139.5,2511.36,361.6988,962.0151,4.976709871,-3.509622127,-175.4515057
139.6,2528.765,364.197,944.3785,5.243183866,-3.354069644,-174.4815296
139.7,2548.763,369.9392,943.4127,2.128086854,-3.419630302,-172.87073
139.8,2562.351,376.2645,960.4223,-1.195498609,-3.19027307,-172.9365374
139.9,2570.662,383.9128,988.8653,-4.953875715,-2.237357114,-174.7562298
140,2571.135,387.3118,1018.477,-6.698245715,-1.296508749,-176.71709
140.1,2569.726,385.6722,1043.788,-7.283507815,-1.250169052,-178.1433513
140.2,2572.293,383.9604,1071.516,-8.312616813,-0.992703378,-179.5434866
140.3,2579.655,382.8692,1102.558,-9.657012717,-2.567489592,179.4963402
140.4,2588.008,381.9273,1135.992,-11.04823623,-3.3469551,178.7631014
140.5,2591.616,384.0805,1173.116,-12.98632033,-2.82618143,177.1361084
140.6,2590.964,389.3385,1213.707,-15.34937609,-2.550444249,175.6470451
140.7,2589.681,388.4836,1256.342,-15.09749532,-2.645799724,174.1298579
140.8,2589.478,386.8126,1296.804,-15.47751083,-2.705969507,173.0132958
140.9,2591.382,390.0859,1339.538,-16.50376631,-1.968572568,171.6900738
141,2594.857,397.9976,1385.849,-17.20367863,-0.726227897,169.9515925
141.1,2599.769,403.5506,1432.266,-17.44450007,-0.274540751,168.8277056
141.2,2608.743,407.9376,1475.44,-18.38613804,-0.703077088,169.0295712
141.3,2617.733,412.8793,1517.807,-19.63965375,-0.844843448,169.159931
141.4,2623.46,416.4917,1557.587,-20.3023678,-1.43302987,169.1258736
141.5,2627.828,417.6491,1592.972,-21.68303147,-3.470105101,168.9761893
141.6,2635.585,412.9364,1617.792,-21.97458242,-2.849984694,169.7390949
141.7,2649.995,407.38,1629.857,-21.98998466,-1.296598205,170.6375899
141.8,2666.03,405.5443,1626.225,-22.40766855,-1.242272496,173.0629083
141.9,2677.093,402.0772,1613.497,-22.03241634,-1.626948279,176.4869837
142,2686.3,391.0369,1592.768,-20.70997529,-1.757631298,179.5351613
142.1,2694.344,375.4789,1566.297,-18.56916846,-1.881987836,179.5096847
142.2,2700.153,362.1599,1534.792,-17.06428966,-3.02716408,-179.0289002
142.3,2703.587,350.4642,1500.009,-14.60850086,-3.602271606,-178.0331887
142.4,2704.412,338.7679,1466.139,-10.78292947,-3.063258641,-178.2634376
142.5,2703.506,331.0903,1429.735,-8.753585501,-4.424899099,-177.9347761
142.6,2703.794,328.1924,1390.823,-7.446417007,-5.764385372,-177.3796192
142.7,2703.783,328.6734,1346.322,-5.529407108,-6.892754102,-176.3767436
142.8,2703.147,332.494,1296.506,-3.802694368,-8.420208562,-175.5958667
142.9,2703.108,336.9845,1244.542,-2.251982133,-9.644313693,-174.9220175
143,2706.506,337.9935,1193.282,0.410053039,-9.946728552,-174.2149987
143.1,2712.338,335.5874,1143.92,3.449400658,-9.586268266,-173.3432487
143.2,2715.746,331.2147,1097.812,7.178959329,-9.114828597,-173.2662376
143.3,2715.278,325.2045,1059.581,12.00425925,-8.813544517,-174.1398763
143.4,2713.84,321.6069,1034.792,14.76664952,-8.768591269,-174.3797192
143.5,2717.072,322.8992,1032.482,12.5348763,-7.778061561,-174.8691605
143.6,2723.547,326.3027,1044.962,10.46916052,-5.991235589,-175.3145873
143.7,2731.007,331.2678,1067.638,6.448652518,-3.739007207,-175.6806646
143.8,2735.009,336.7411,1095.661,1.454630302,-2.375531115,-176.3243634
143.9,2733.522,337.6544,1117.841,-0.022116553,-1.611945177,-177.2137671
144,2729.956,332.8483,1132.858,-0.58354868,-2.033223287,-178.2211899
144.1,2729.375,324.9216,1148.337,-1.792909487,-4.437557391,-178.5132857
144.2,2735.167,318.0075,1168.228,-4.318965036,-6.071978533,-178.5553275
144.3,2744.268,315.6354,1193.25,-6.191437056,-6.283150247,-178.6461525
144.4,2755.706,321.4446,1223.113,-9.78926308,-5.578389311,-178.3537528
144.5,2763.684,333.4251,1256.807,-13.38968937,-4.941118002,-178.7101646
144.6,2768.88,346.44,1288.255,-15.87044136,-5.125466179,-179.4530038
144.7,2775.679,358.5499,1318.027,-18.4079105,-4.829768759,-179.5476938
144.8,2783.747,368.1324,1349.257,-18.93726639,-5.472182536,179.6055381
144.9,2793.093,379.4699,1382.094,-20.8803518,-7.282770665,-179.5750745
145,2803.601,390.3847,1417.665,-23.05917834,-8.576643916,-178.300895
145.1,2814.869,399.1826,1452.515,-25.44950177,-9.799475698,-176.8539739
145.2,2826.36,405.143,1492.172,-25.91861934,-8.273809641,-177.0540401
145.3,2832.056,408.9055,1530.553,-25.02814403,-6.415062914,-177.8488981
145.4,2836.424,412.5067,1558.189,-24.79663116,-6.724673747,-177.55147
145.5,2840.208,412.9425,1573.143,-23.81281286,-6.60998234,-177.5863397
145.6,2842.199,414.0116,1581.38,-21.92759328,-5.350691583,-177.8528729
145.7,2843.515,417.1136,1584.352,-20.83588686,-4.248852443,-177.8961984
145.8,2847.113,415.35,1571.396,-20.15165445,-4.810990614,-177.1217312
145.9,2850.491,405.5437,1548.952,-17.93811229,-3.171014293,-176.7958391
146,2850.603,396.2765,1516.104,-15.61141536,-2.445156113,-175.86774
146.1,2848.677,391.5424,1479.792,-15.04528202,-3.776412188,-175.5110164
146.2,2849.005,384.3084,1442.282,-13.7020674,-3.29736778,-175.1145643
146.3,2851.12,374.8143,1401.63,-11.97131688,-2.539989118,-174.2271198
146.4,2851.052,370.2322,1359.31,-11.35668847,-3.247626748,-173.6970468
146.5,2846.286,364.5367,1313.812,-10.38033145,-4.113992733,-173.5337503
146.6,2840.294,359.8992,1267.653,-8.739915621,-4.828168799,-173.4181738
146.7,2833.622,356.8128,1216.299,-7.447645198,-5.828527724,-173.0720157
146.8,2827.44,353.5533,1160.462,-4.919319807,-5.969387423,-173.1642279
146.9,2822.087,351.1837,1104.484,-2.592578168,-5.562335158,-173.4949452
147,2815.825,350.5504,1050.512,-0.479080364,-4.85819662,-174.1145
147.1,2809.051,352.1137,1003.89,1.459336525,-4.027141991,-174.8017596
147.2,2803.471,355.8459,966.8477,3.167559381,-2.840321687,-176.0735758
147.3,2802.928,363.5016,942.7064,3.012364705,-1.619028839,-177.7556158
147.4,2806.802,374.8259,933.2828,0.977923101,-0.477501662,-179.3291628
147.5,2813.958,386.2422,933.6617,-1.721312036,-0.719297745,177.6685411
147.6,2821.78,393.9027,935.6517,-3.348746158,-2.906431366,174.2600386
147.7,2831.786,400.1535,939.8198,-6.413403922,-4.754207531,170.8578323
147.8,2844.134,404.6911,946.0546,-7.8082773,-4.608985876,165.4866114
147.9,2853.291,408.4743,956.0811,-8.597270108,-4.534377759,160.9291396
148,2859.627,412.4041,968.4785,-10.42104745,-4.482466908,157.2110312
148.1,2862.151,413.8679,980.6948,-11.01546926,-4.462296399,152.8012399
148.2,2865.833,413.3883,993.7619,-11.47850398,-4.944974869,149.7624349
148.3,2869.901,412.5437,1011.384,-11.57137086,-6.348486194,145.8193554
148.4,2873.36,412.9042,1036.681,-11.77745849,-5.903775616,142.7076601
148.5,2880.002,417.9971,1068.932,-11.89574167,-5.562015268,139.5139064
148.6,2890.448,428.2928,1108.366,-11.38696775,-5.72554376,138.2933105
148.7,2898.007,439.2278,1158.973,-12.53711603,-5.478198086,137.6897306
148.8,2905.368,448.5368,1215.443,-13.1865175,-6.400627382,136.5740001
148.9,2914.609,454.2453,1274.116,-13.88452367,-6.759070437,135.2499467
149,2928.215,456.1062,1331.901,-14.64698041,-5.965705457,133.3815671
149.1,2943.216,459.6274,1383.146,-14.77478751,-3.3228004,130.828392
149.2,2951.657,464.6165,1430.612,-14.14276168,-1.032096339,128.9234908
149.3,2947.944,461.085,1473.014,-13.28003385,-1.349298937,127.8351259
149.4,2941.506,450.3071,1499.276,-11.44682483,-1.817183602,126.4623036
149.5,2938.887,439.0012,1500.808,-7.769359854,-2.684749567,125.8599079
149.6,2936.711,425.5797,1478.692,-2.30874578,-1.575223842,124.1866161
149.7,2931.78,410.7815,1444.087,3.1193783,-1.114965035,121.3897102
149.8,2929.203,395.3051,1404.45,8.747346371,-0.668432982,117.2082693
149.9,2929.716,385.0462,1360.247,13.3339361,0.918121582,113.6534025
150,2926.873,381.0258,1313.427,17.08573135,1.602643759,108.2708353
150.1,2922.332,381.5312,1264.539,21.02978549,0.205079972,103.1507082
150.2,2921.167,381.7844,1208.997,24.71169241,1.300885208,97.42334623
150.3,2922.748,387.2813,1152.672,27.98060853,2.058120738,91.54918945
150.4,2925.587,397.5876,1103.493,30.97286728,2.050530916,86.04574344
150.5,2932.413,405.2064,1070.614,32.17010025,3.561491375,80.99559868
150.6,2941.354,407.5472,1064.795,29.44674221,5.546436472,76.99918189
150.7,2945.486,407.9034,1087.767,24.683976,6.450942431,73.46495444
150.8,2944.076,409.4562,1130.641,19.40706758,5.909252141,70.44666454
150.9,2940.533,404.4496,1179.314,14.12640309,6.80878282,67.14119339
151,2939.549,391.4553,1227.276,8.669494687,8.626649673,64.39201655
151.1,2942.055,374.6552,1269.952,4.188913755,11.10738594,61.7246888
151.2,2942.982,362.9031,1310.375,3.597623779,13.79277356,61.75415704
151.3,2941.378,353.1834,1345.868,2.13423532,14.43650765,62.02115523
151.4,2940.638,343.5537,1383.289,2.184754229,16.51128637,62.03984307
151.5,2934.307,334.9342,1435.54,2.42044708,16.45390962,60.79545997
151.6,2927.686,327.507,1498.709,1.139615367,16.61522382,59.67611145
151.7,2920.942,323.7867,1568.583,0.513122723,16.77092819,57.97702042
151.8,2915.379,322.0526,1633.64,0.202158281,17.09416923,58.02351267
151.9,2911.575,324.3098,1684.577,1.816879558,18.21608431,58.93758517
152,2912.719,334.4785,1734.226,5.552211438,18.69301215,59.95589594
152.1,2921.29,347.5792,1792.068,10.11905729,18.51638823,63.32668603
152.2,2931.348,357.0447,1860.946,14.37859446,17.26109205,63.95339031
152.3,2938.886,353.0553,1936.995,18.17318658,17.04733203,64.92302051
152.4,2933.292,342.5764,2020.589,22.91913164,15.95120687,67.10987017
152.5,2917.933,326.4532,2117.832,25.85892004,12.12759197,67.99577892
152.6,2907.536,307.8867,2219.066,25.03999619,9.354568044,68.54651341
152.7,2908.433,298.4247,2322.004,22.98638111,7.922199354,71.28698698
152.8,2924.068,297.4729,2425.311,22.0980893,5.199033386,78.23419939
152.9,2945.912,298.0511,2523.292,20.46400118,1.987777952,85.70707286
153,2974.838,293.3263,2606.43,17.84715777,1.405728395,90.41674134
153.1,3010.104,286.4852,2667.763,17.38563743,2.247225186,93.21450046
153.2,3050.138,280.6444,2709.364,18.08443958,1.726553938,95.42546326
153.3,3089.773,274.77,2729.161,18.508141,2.226912278,97.45817405
153.4,3120.062,276.583,2732.18,19.62978267,3.286189946,99.76147846
153.5,3139.634,286.0168,2724.681,21.3601882,3.131166508,101.1582547
153.6,3149.873,290.8201,2712.642,22.00564026,2.605449086,100.9282143
153.7,3153.664,284.85,2698.541,21.97460706,2.196939098,99.39152455
153.8,3153.095,278.6808,2681.073,21.52956275,1.179467119,97.2685706
153.9,3151.736,268.3451,2648.314,20.23687781,2.310800829,94.33144875
154,3151.222,257.8382,2597.703,19.15616166,2.885111007,90.44363307
154.1,3152.997,255.2308,2530.059,19.04060071,2.697756157,87.18375106
154.2,3153.318,256.0381,2443.256,17.8084428,4.542905457,84.30986905
154.3,3155.425,255.1822,2339.254,17.34729529,4.8396989,83.26866359
154.4,3160.638,251.9417,2219.26,18.41372134,3.822293255,81.71012972
154.5,3166.959,250.4389,2080.772,19.34708704,4.304775412,79.19297533
154.6,3175.36,253.6289,1931.378,20.82727042,5.160949777,76.2727382
154.7,3184.109,266.9567,1780.888,22.95738525,4.067560396,73.81146248
154.8,3190.003,284.7418,1631.811,21.6958939,5.636565415,67.54550514
154.9,3194.128,303.3247,1485.138,18.49981218,7.016342387,62.57926289
155,3197.347,322.6946,1343.059,18.30821224,5.764798745,55.69324819
155.1,3205.625,335.2967,1196.902,17.59872304,6.054182728,46.50519507
155.2,3221.911,340.3515,1047.302,15.93585305,7.764287245,38.30774179
155.3,3247.82,338.879,896.0399,15.20462197,9.913848177,29.16115435
155.4,3282.963,329.6151,751.6728,14.19648663,10.90568081,21.72359158
155.5,3324.392,312.8932,615.9209,11.81909564,15.08597513,17.18462632
155.6,3359.665,292.3412,491.3474,10.45326439,17.00646895,8.946237109
155.7,3386.592,267.7229,364.2679,11.06784845,17.6612053,10.88809346
